window,ts_utc,ts_ro,ticker,close
tur1_2024,2024-11-15T08:00:00+00:00,2024-11-15 10:00:00+02:00,BET,17655.37
tur1_2024,2024-11-15T08:15:00+00:00,2024-11-15 10:15:00+02:00,BET,17665.77
tur1_2024,2024-11-15T08:30:00+00:00,2024-11-15 10:30:00+02:00,BET,17664.07
tur1_2024,2024-11-15T08:45:00+00:00,2024-11-15 10:45:00+02:00,BET,17658.21
tur1_2024,2024-11-15T09:00:00+00:00,2024-11-15 11:00:00+02:00,BET,17625.15
tur1_2024,2024-11-15T09:15:00+00:00,2024-11-15 11:15:00+02:00,BET,17626.96
tur1_2024,2024-11-15T09:30:00+00:00,2024-11-15 11:30:00+02:00,BET,17614.05
tur1_2024,2024-11-15T09:45:00+00:00,2024-11-15 11:45:00+02:00,BET,17616.36
tur1_2024,2024-11-15T10:00:00+00:00,2024-11-15 12:00:00+02:00,BET,17630.33
tur1_2024,2024-11-15T10:15:00+00:00,2024-11-15 12:15:00+02:00,BET,17629.21
tur1_2024,2024-11-15T10:30:00+00:00,2024-11-15 12:30:00+02:00,BET,17641.25
tur1_2024,2024-11-15T10:45:00+00:00,2024-11-15 12:45:00+02:00,BET,17629.99
tur1_2024,2024-11-15T11:00:00+00:00,2024-11-15 13:00:00+02:00,BET,17636.44
tur1_2024,2024-11-15T11:15:00+00:00,2024-11-15 13:15:00+02:00,BET,17643.81
tur1_2024,2024-11-15T11:30:00+00:00,2024-11-15 13:30:00+02:00,BET,17643.98
tur1_2024,2024-11-15T11:45:00+00:00,2024-11-15 13:45:00+02:00,BET,17651.03
tur1_2024,2024-11-15T12:00:00+00:00,2024-11-15 14:00:00+02:00,BET,17648.16
tur1_2024,2024-11-15T12:15:00+00:00,2024-11-15 14:15:00+02:00,BET,17648.77
tur1_2024,2024-11-15T12:30:00+00:00,2024-11-15 14:30:00+02:00,BET,17649.52
tur1_2024,2024-11-15T12:45:00+00:00,2024-11-15 14:45:00+02:00,BET,17638.57
tur1_2024,2024-11-15T13:00:00+00:00,2024-11-15 15:00:00+02:00,BET,17652.35
tur1_2024,2024-11-15T13:15:00+00:00,2024-11-15 15:15:00+02:00,BET,17644.36
tur1_2024,2024-11-15T13:30:00+00:00,2024-11-15 15:30:00+02:00,BET,17651.32
tur1_2024,2024-11-15T13:45:00+00:00,2024-11-15 15:45:00+02:00,BET,17637.08
tur1_2024,2024-11-15T14:00:00+00:00,2024-11-15 16:00:00+02:00,BET,17656.68
tur1_2024,2024-11-15T14:15:00+00:00,2024-11-15 16:15:00+02:00,BET,17666.96
tur1_2024,2024-11-15T14:30:00+00:00,2024-11-15 16:30:00+02:00,BET,17667.94
tur1_2024,2024-11-15T14:45:00+00:00,2024-11-15 16:45:00+02:00,BET,17656.62
tur1_2024,2024-11-15T15:00:00+00:00,2024-11-15 17:00:00+02:00,BET,17659.31
tur1_2024,2024-11-15T15:15:00+00:00,2024-11-15 17:15:00+02:00,BET,17662.3
tur1_2024,2024-11-15T15:30:00+00:00,2024-11-15 17:30:00+02:00,BET,17651.11
tur1_2024,2024-11-15T15:45:00+00:00,2024-11-15 17:45:00+02:00,BET,17638.19
tur1_2024,2024-11-18T08:00:00+00:00,2024-11-18 10:00:00+02:00,BET,17616.51
tur1_2024,2024-11-18T08:15:00+00:00,2024-11-18 10:15:00+02:00,BET,17593.08
tur1_2024,2024-11-18T08:30:00+00:00,2024-11-18 10:30:00+02:00,BET,17598.41
tur1_2024,2024-11-18T08:45:00+00:00,2024-11-18 10:45:00+02:00,BET,17580.59
tur1_2024,2024-11-18T09:00:00+00:00,2024-11-18 11:00:00+02:00,BET,17568.29
tur1_2024,2024-11-18T09:15:00+00:00,2024-11-18 11:15:00+02:00,BET,17536.3
tur1_2024,2024-11-18T09:30:00+00:00,2024-11-18 11:30:00+02:00,BET,17573.54
tur1_2024,2024-11-18T09:45:00+00:00,2024-11-18 11:45:00+02:00,BET,17578.7
tur1_2024,2024-11-18T10:00:00+00:00,2024-11-18 12:00:00+02:00,BET,17564.91
tur1_2024,2024-11-18T10:15:00+00:00,2024-11-18 12:15:00+02:00,BET,17569.93
tur1_2024,2024-11-18T10:30:00+00:00,2024-11-18 12:30:00+02:00,BET,17561.71
tur1_2024,2024-11-18T10:45:00+00:00,2024-11-18 12:45:00+02:00,BET,17546.19
tur1_2024,2024-11-18T11:00:00+00:00,2024-11-18 13:00:00+02:00,BET,17543.82
tur1_2024,2024-11-18T11:15:00+00:00,2024-11-18 13:15:00+02:00,BET,17520.41
tur1_2024,2024-11-18T11:30:00+00:00,2024-11-18 13:30:00+02:00,BET,17509.92
tur1_2024,2024-11-18T11:45:00+00:00,2024-11-18 13:45:00+02:00,BET,17495.57
tur1_2024,2024-11-18T12:00:00+00:00,2024-11-18 14:00:00+02:00,BET,17491.62
tur1_2024,2024-11-18T12:15:00+00:00,2024-11-18 14:15:00+02:00,BET,17477.12
tur1_2024,2024-11-18T12:30:00+00:00,2024-11-18 14:30:00+02:00,BET,17483.28
tur1_2024,2024-11-18T12:45:00+00:00,2024-11-18 14:45:00+02:00,BET,17478.93
tur1_2024,2024-11-18T13:00:00+00:00,2024-11-18 15:00:00+02:00,BET,17487.56
tur1_2024,2024-11-18T13:15:00+00:00,2024-11-18 15:15:00+02:00,BET,17476.06
tur1_2024,2024-11-18T13:30:00+00:00,2024-11-18 15:30:00+02:00,BET,17461.63
tur1_2024,2024-11-18T13:45:00+00:00,2024-11-18 15:45:00+02:00,BET,17451.08
tur1_2024,2024-11-18T14:00:00+00:00,2024-11-18 16:00:00+02:00,BET,17462.01
tur1_2024,2024-11-18T14:15:00+00:00,2024-11-18 16:15:00+02:00,BET,17464.51
tur1_2024,2024-11-18T14:30:00+00:00,2024-11-18 16:30:00+02:00,BET,17472.25
tur1_2024,2024-11-18T14:45:00+00:00,2024-11-18 16:45:00+02:00,BET,17438.49
tur1_2024,2024-11-18T15:00:00+00:00,2024-11-18 17:00:00+02:00,BET,17470.89
tur1_2024,2024-11-18T15:15:00+00:00,2024-11-18 17:15:00+02:00,BET,17448.58
tur1_2024,2024-11-18T15:30:00+00:00,2024-11-18 17:30:00+02:00,BET,17430.63
tur1_2024,2024-11-18T15:45:00+00:00,2024-11-18 17:45:00+02:00,BET,17423.52
tur1_2024,2024-11-19T08:00:00+00:00,2024-11-19 10:00:00+02:00,BET,17420.42
tur1_2024,2024-11-19T08:15:00+00:00,2024-11-19 10:15:00+02:00,BET,17392.89
tur1_2024,2024-11-19T08:30:00+00:00,2024-11-19 10:30:00+02:00,BET,17389.5
tur1_2024,2024-11-19T08:45:00+00:00,2024-11-19 10:45:00+02:00,BET,17376.97
tur1_2024,2024-11-19T09:00:00+00:00,2024-11-19 11:00:00+02:00,BET,17369.21
tur1_2024,2024-11-19T09:15:00+00:00,2024-11-19 11:15:00+02:00,BET,17365.51
tur1_2024,2024-11-19T09:30:00+00:00,2024-11-19 11:30:00+02:00,BET,17358.18
tur1_2024,2024-11-19T09:45:00+00:00,2024-11-19 11:45:00+02:00,BET,17362.59
tur1_2024,2024-11-19T10:00:00+00:00,2024-11-19 12:00:00+02:00,BET,17379.72
tur1_2024,2024-11-19T10:15:00+00:00,2024-11-19 12:15:00+02:00,BET,17375.75
tur1_2024,2024-11-19T10:30:00+00:00,2024-11-19 12:30:00+02:00,BET,17355.8
tur1_2024,2024-11-19T10:45:00+00:00,2024-11-19 12:45:00+02:00,BET,17358.05
tur1_2024,2024-11-19T11:00:00+00:00,2024-11-19 13:00:00+02:00,BET,17361.82
tur1_2024,2024-11-19T11:15:00+00:00,2024-11-19 13:15:00+02:00,BET,17374.74
tur1_2024,2024-11-19T11:30:00+00:00,2024-11-19 13:30:00+02:00,BET,17352.16
tur1_2024,2024-11-19T11:45:00+00:00,2024-11-19 13:45:00+02:00,BET,17357.28
tur1_2024,2024-11-19T12:00:00+00:00,2024-11-19 14:00:00+02:00,BET,17368.18
tur1_2024,2024-11-19T12:15:00+00:00,2024-11-19 14:15:00+02:00,BET,17378.74
tur1_2024,2024-11-19T12:30:00+00:00,2024-11-19 14:30:00+02:00,BET,17352.08
tur1_2024,2024-11-19T12:45:00+00:00,2024-11-19 14:45:00+02:00,BET,17357.59
tur1_2024,2024-11-19T13:00:00+00:00,2024-11-19 15:00:00+02:00,BET,17360.86
tur1_2024,2024-11-19T13:15:00+00:00,2024-11-19 15:15:00+02:00,BET,17346.37
tur1_2024,2024-11-19T13:30:00+00:00,2024-11-19 15:30:00+02:00,BET,17343.55
tur1_2024,2024-11-19T13:45:00+00:00,2024-11-19 15:45:00+02:00,BET,17321.95
tur1_2024,2024-11-19T14:00:00+00:00,2024-11-19 16:00:00+02:00,BET,17284.28
tur1_2024,2024-11-19T14:15:00+00:00,2024-11-19 16:15:00+02:00,BET,17233.88
tur1_2024,2024-11-19T14:30:00+00:00,2024-11-19 16:30:00+02:00,BET,17218.52
tur1_2024,2024-11-19T14:45:00+00:00,2024-11-19 16:45:00+02:00,BET,17160.42
tur1_2024,2024-11-19T15:00:00+00:00,2024-11-19 17:00:00+02:00,BET,17158.21
tur1_2024,2024-11-19T15:15:00+00:00,2024-11-19 17:15:00+02:00,BET,17143.31
tur1_2024,2024-11-19T15:30:00+00:00,2024-11-19 17:30:00+02:00,BET,17115.1
tur1_2024,2024-11-19T15:45:00+00:00,2024-11-19 17:45:00+02:00,BET,17143.34
tur1_2024,2024-11-20T08:00:00+00:00,2024-11-20 10:00:00+02:00,BET,17326.45
tur1_2024,2024-11-20T08:15:00+00:00,2024-11-20 10:15:00+02:00,BET,17338.56
tur1_2024,2024-11-20T08:30:00+00:00,2024-11-20 10:30:00+02:00,BET,17353.35
tur1_2024,2024-11-20T08:45:00+00:00,2024-11-20 10:45:00+02:00,BET,17331.49
tur1_2024,2024-11-20T09:00:00+00:00,2024-11-20 11:00:00+02:00,BET,17316.98
tur1_2024,2024-11-20T09:15:00+00:00,2024-11-20 11:15:00+02:00,BET,17292.5
tur1_2024,2024-11-20T09:30:00+00:00,2024-11-20 11:30:00+02:00,BET,17298.18
tur1_2024,2024-11-20T09:45:00+00:00,2024-11-20 11:45:00+02:00,BET,17322.84
tur1_2024,2024-11-20T10:00:00+00:00,2024-11-20 12:00:00+02:00,BET,17305.29
tur1_2024,2024-11-20T10:15:00+00:00,2024-11-20 12:15:00+02:00,BET,17300.29
tur1_2024,2024-11-20T10:30:00+00:00,2024-11-20 12:30:00+02:00,BET,17285.62
tur1_2024,2024-11-20T10:45:00+00:00,2024-11-20 12:45:00+02:00,BET,17271.36
tur1_2024,2024-11-20T11:00:00+00:00,2024-11-20 13:00:00+02:00,BET,17295.33
tur1_2024,2024-11-20T11:15:00+00:00,2024-11-20 13:15:00+02:00,BET,17294.74
tur1_2024,2024-11-20T11:30:00+00:00,2024-11-20 13:30:00+02:00,BET,17276.46
tur1_2024,2024-11-20T11:45:00+00:00,2024-11-20 13:45:00+02:00,BET,17283.46
tur1_2024,2024-11-20T12:00:00+00:00,2024-11-20 14:00:00+02:00,BET,17272.94
tur1_2024,2024-11-20T12:15:00+00:00,2024-11-20 14:15:00+02:00,BET,17277.61
tur1_2024,2024-11-20T12:30:00+00:00,2024-11-20 14:30:00+02:00,BET,17274.21
tur1_2024,2024-11-20T12:45:00+00:00,2024-11-20 14:45:00+02:00,BET,17265.48
tur1_2024,2024-11-20T13:00:00+00:00,2024-11-20 15:00:00+02:00,BET,17256.99
tur1_2024,2024-11-20T13:15:00+00:00,2024-11-20 15:15:00+02:00,BET,17267.7
tur1_2024,2024-11-20T13:30:00+00:00,2024-11-20 15:30:00+02:00,BET,17263.28
tur1_2024,2024-11-20T13:45:00+00:00,2024-11-20 15:45:00+02:00,BET,17253.32
tur1_2024,2024-11-20T14:00:00+00:00,2024-11-20 16:00:00+02:00,BET,17265.41
tur1_2024,2024-11-20T14:15:00+00:00,2024-11-20 16:15:00+02:00,BET,17245.36
tur1_2024,2024-11-20T14:30:00+00:00,2024-11-20 16:30:00+02:00,BET,17240.1
tur1_2024,2024-11-20T14:45:00+00:00,2024-11-20 16:45:00+02:00,BET,17224.39
tur1_2024,2024-11-20T15:00:00+00:00,2024-11-20 17:00:00+02:00,BET,17233.05
tur1_2024,2024-11-20T15:15:00+00:00,2024-11-20 17:15:00+02:00,BET,17231.26
tur1_2024,2024-11-20T15:30:00+00:00,2024-11-20 17:30:00+02:00,BET,17217.07
tur1_2024,2024-11-20T15:45:00+00:00,2024-11-20 17:45:00+02:00,BET,17194.06
tur1_2024,2024-11-21T08:00:00+00:00,2024-11-21 10:00:00+02:00,BET,17295.6
tur1_2024,2024-11-21T08:15:00+00:00,2024-11-21 10:15:00+02:00,BET,17310.66
tur1_2024,2024-11-21T08:30:00+00:00,2024-11-21 10:30:00+02:00,BET,17297.35
tur1_2024,2024-11-21T08:45:00+00:00,2024-11-21 10:45:00+02:00,BET,17293.2
tur1_2024,2024-11-21T09:00:00+00:00,2024-11-21 11:00:00+02:00,BET,17290.81
tur1_2024,2024-11-21T09:15:00+00:00,2024-11-21 11:15:00+02:00,BET,17276.27
tur1_2024,2024-11-21T09:30:00+00:00,2024-11-21 11:30:00+02:00,BET,17283.18
tur1_2024,2024-11-21T09:45:00+00:00,2024-11-21 11:45:00+02:00,BET,17291.61
tur1_2024,2024-11-21T10:00:00+00:00,2024-11-21 12:00:00+02:00,BET,17263.41
tur1_2024,2024-11-21T10:15:00+00:00,2024-11-21 12:15:00+02:00,BET,17269.97
tur1_2024,2024-11-21T10:30:00+00:00,2024-11-21 12:30:00+02:00,BET,17263.56
tur1_2024,2024-11-21T10:45:00+00:00,2024-11-21 12:45:00+02:00,BET,17242.23
tur1_2024,2024-11-21T11:00:00+00:00,2024-11-21 13:00:00+02:00,BET,17234.65
tur1_2024,2024-11-21T11:15:00+00:00,2024-11-21 13:15:00+02:00,BET,17240.72
tur1_2024,2024-11-21T11:30:00+00:00,2024-11-21 13:30:00+02:00,BET,17252.02
tur1_2024,2024-11-21T11:45:00+00:00,2024-11-21 13:45:00+02:00,BET,17238.99
tur1_2024,2024-11-21T12:00:00+00:00,2024-11-21 14:00:00+02:00,BET,17248.76
tur1_2024,2024-11-21T12:15:00+00:00,2024-11-21 14:15:00+02:00,BET,17252.18
tur1_2024,2024-11-21T12:30:00+00:00,2024-11-21 14:30:00+02:00,BET,17249.5
tur1_2024,2024-11-21T12:45:00+00:00,2024-11-21 14:45:00+02:00,BET,17264.77
tur1_2024,2024-11-21T13:00:00+00:00,2024-11-21 15:00:00+02:00,BET,17254.38
tur1_2024,2024-11-21T13:15:00+00:00,2024-11-21 15:15:00+02:00,BET,17271.68
tur1_2024,2024-11-21T13:30:00+00:00,2024-11-21 15:30:00+02:00,BET,17271.05
tur1_2024,2024-11-21T13:45:00+00:00,2024-11-21 15:45:00+02:00,BET,17262.11
tur1_2024,2024-11-21T14:00:00+00:00,2024-11-21 16:00:00+02:00,BET,17263.67
tur1_2024,2024-11-21T14:15:00+00:00,2024-11-21 16:15:00+02:00,BET,17264.62
tur1_2024,2024-11-21T14:30:00+00:00,2024-11-21 16:30:00+02:00,BET,17270.37
tur1_2024,2024-11-21T14:45:00+00:00,2024-11-21 16:45:00+02:00,BET,17267.94
tur1_2024,2024-11-21T15:00:00+00:00,2024-11-21 17:00:00+02:00,BET,17270.01
tur1_2024,2024-11-21T15:15:00+00:00,2024-11-21 17:15:00+02:00,BET,17297.37
tur1_2024,2024-11-21T15:30:00+00:00,2024-11-21 17:30:00+02:00,BET,17308.37
tur1_2024,2024-11-21T15:45:00+00:00,2024-11-21 17:45:00+02:00,BET,17302.9
tur1_2024,2024-11-22T08:00:00+00:00,2024-11-22 10:00:00+02:00,BET,17293.61
tur1_2024,2024-11-22T08:15:00+00:00,2024-11-22 10:15:00+02:00,BET,17256.55
tur1_2024,2024-11-22T08:30:00+00:00,2024-11-22 10:30:00+02:00,BET,17216.52
tur1_2024,2024-11-22T08:45:00+00:00,2024-11-22 10:45:00+02:00,BET,17221.54
tur1_2024,2024-11-22T09:00:00+00:00,2024-11-22 11:00:00+02:00,BET,17233.06
tur1_2024,2024-11-22T09:15:00+00:00,2024-11-22 11:15:00+02:00,BET,17242.28
tur1_2024,2024-11-22T09:30:00+00:00,2024-11-22 11:30:00+02:00,BET,17236.13
tur1_2024,2024-11-22T09:45:00+00:00,2024-11-22 11:45:00+02:00,BET,17187.39
tur1_2024,2024-11-22T10:00:00+00:00,2024-11-22 12:00:00+02:00,BET,17220.76
tur1_2024,2024-11-22T10:15:00+00:00,2024-11-22 12:15:00+02:00,BET,17207.24
tur1_2024,2024-11-22T10:30:00+00:00,2024-11-22 12:30:00+02:00,BET,17201.45
tur1_2024,2024-11-22T10:45:00+00:00,2024-11-22 12:45:00+02:00,BET,17183.7
tur1_2024,2024-11-22T11:00:00+00:00,2024-11-22 13:00:00+02:00,BET,17183.22
tur1_2024,2024-11-22T11:15:00+00:00,2024-11-22 13:15:00+02:00,BET,17179.11
tur1_2024,2024-11-22T11:30:00+00:00,2024-11-22 13:30:00+02:00,BET,17172.13
tur1_2024,2024-11-22T11:45:00+00:00,2024-11-22 13:45:00+02:00,BET,17171.69
tur1_2024,2024-11-22T12:00:00+00:00,2024-11-22 14:00:00+02:00,BET,17192.02
tur1_2024,2024-11-22T12:15:00+00:00,2024-11-22 14:15:00+02:00,BET,17176.54
tur1_2024,2024-11-22T12:30:00+00:00,2024-11-22 14:30:00+02:00,BET,17150.73
tur1_2024,2024-11-22T12:45:00+00:00,2024-11-22 14:45:00+02:00,BET,17155.02
tur1_2024,2024-11-22T13:00:00+00:00,2024-11-22 15:00:00+02:00,BET,17146.19
tur1_2024,2024-11-22T13:15:00+00:00,2024-11-22 15:15:00+02:00,BET,17146.1
tur1_2024,2024-11-22T13:30:00+00:00,2024-11-22 15:30:00+02:00,BET,17147.66
tur1_2024,2024-11-22T13:45:00+00:00,2024-11-22 15:45:00+02:00,BET,17137.67
tur1_2024,2024-11-22T14:00:00+00:00,2024-11-22 16:00:00+02:00,BET,17135.45
tur1_2024,2024-11-22T14:15:00+00:00,2024-11-22 16:15:00+02:00,BET,17147.68
tur1_2024,2024-11-22T14:30:00+00:00,2024-11-22 16:30:00+02:00,BET,17142.26
tur1_2024,2024-11-22T14:45:00+00:00,2024-11-22 16:45:00+02:00,BET,17146.55
tur1_2024,2024-11-22T15:00:00+00:00,2024-11-22 17:00:00+02:00,BET,17128.79
tur1_2024,2024-11-22T15:15:00+00:00,2024-11-22 17:15:00+02:00,BET,17143.78
tur1_2024,2024-11-22T15:30:00+00:00,2024-11-22 17:30:00+02:00,BET,17142.98
tur1_2024,2024-11-22T15:45:00+00:00,2024-11-22 17:45:00+02:00,BET,17134.54
tur1_2024,2024-11-25T08:00:00+00:00,2024-11-25 10:00:00+02:00,BET,16864.71
tur1_2024,2024-11-25T08:15:00+00:00,2024-11-25 10:15:00+02:00,BET,16819.39
tur1_2024,2024-11-25T08:30:00+00:00,2024-11-25 10:30:00+02:00,BET,16915.86
tur1_2024,2024-11-25T08:45:00+00:00,2024-11-25 10:45:00+02:00,BET,16891.68
tur1_2024,2024-11-25T09:00:00+00:00,2024-11-25 11:00:00+02:00,BET,16857.39
tur1_2024,2024-11-25T09:15:00+00:00,2024-11-25 11:15:00+02:00,BET,16846.44
tur1_2024,2024-11-25T09:30:00+00:00,2024-11-25 11:30:00+02:00,BET,16821.84
tur1_2024,2024-11-25T09:45:00+00:00,2024-11-25 11:45:00+02:00,BET,16827.8
tur1_2024,2024-11-25T10:00:00+00:00,2024-11-25 12:00:00+02:00,BET,16855.54
tur1_2024,2024-11-25T10:15:00+00:00,2024-11-25 12:15:00+02:00,BET,16860.25
tur1_2024,2024-11-25T10:30:00+00:00,2024-11-25 12:30:00+02:00,BET,16884.21
tur1_2024,2024-11-25T10:45:00+00:00,2024-11-25 12:45:00+02:00,BET,16874.56
tur1_2024,2024-11-25T11:00:00+00:00,2024-11-25 13:00:00+02:00,BET,16854.94
tur1_2024,2024-11-25T11:15:00+00:00,2024-11-25 13:15:00+02:00,BET,16854.54
tur1_2024,2024-11-25T11:30:00+00:00,2024-11-25 13:30:00+02:00,BET,16864.3
tur1_2024,2024-11-25T11:45:00+00:00,2024-11-25 13:45:00+02:00,BET,16865.32
tur1_2024,2024-11-25T12:00:00+00:00,2024-11-25 14:00:00+02:00,BET,16863.63
tur1_2024,2024-11-25T12:15:00+00:00,2024-11-25 14:15:00+02:00,BET,16871.04
tur1_2024,2024-11-25T12:30:00+00:00,2024-11-25 14:30:00+02:00,BET,16876.36
tur1_2024,2024-11-25T12:45:00+00:00,2024-11-25 14:45:00+02:00,BET,16901.16
tur1_2024,2024-11-25T13:00:00+00:00,2024-11-25 15:00:00+02:00,BET,16873.37
tur1_2024,2024-11-25T13:15:00+00:00,2024-11-25 15:15:00+02:00,BET,16898.81
tur1_2024,2024-11-25T13:30:00+00:00,2024-11-25 15:30:00+02:00,BET,16896.8
tur1_2024,2024-11-25T13:45:00+00:00,2024-11-25 15:45:00+02:00,BET,16901.81
tur1_2024,2024-11-25T14:00:00+00:00,2024-11-25 16:00:00+02:00,BET,16900.15
tur1_2024,2024-11-25T14:15:00+00:00,2024-11-25 16:15:00+02:00,BET,16900.35
tur1_2024,2024-11-25T14:30:00+00:00,2024-11-25 16:30:00+02:00,BET,16867.48
tur1_2024,2024-11-25T14:45:00+00:00,2024-11-25 16:45:00+02:00,BET,16884.16
tur1_2024,2024-11-25T15:00:00+00:00,2024-11-25 17:00:00+02:00,BET,16943.39
tur1_2024,2024-11-25T15:15:00+00:00,2024-11-25 17:15:00+02:00,BET,16901.64
tur1_2024,2024-11-25T15:30:00+00:00,2024-11-25 17:30:00+02:00,BET,16923.2
tur1_2024,2024-11-25T15:45:00+00:00,2024-11-25 17:45:00+02:00,BET,16982.34
tur1_2024,2024-11-26T08:00:00+00:00,2024-11-26 10:00:00+02:00,BET,17020.87
tur1_2024,2024-11-26T08:15:00+00:00,2024-11-26 10:15:00+02:00,BET,16977.5
tur1_2024,2024-11-26T08:30:00+00:00,2024-11-26 10:30:00+02:00,BET,16999.22
tur1_2024,2024-11-26T08:45:00+00:00,2024-11-26 10:45:00+02:00,BET,16975.97
tur1_2024,2024-11-26T09:00:00+00:00,2024-11-26 11:00:00+02:00,BET,16965.54
tur1_2024,2024-11-26T09:15:00+00:00,2024-11-26 11:15:00+02:00,BET,16952.58
tur1_2024,2024-11-26T09:30:00+00:00,2024-11-26 11:30:00+02:00,BET,16958.0
tur1_2024,2024-11-26T09:45:00+00:00,2024-11-26 11:45:00+02:00,BET,16938.56
tur1_2024,2024-11-26T10:00:00+00:00,2024-11-26 12:00:00+02:00,BET,16965.26
tur1_2024,2024-11-26T10:15:00+00:00,2024-11-26 12:15:00+02:00,BET,16993.06
tur1_2024,2024-11-26T10:30:00+00:00,2024-11-26 12:30:00+02:00,BET,16976.77
tur1_2024,2024-11-26T10:45:00+00:00,2024-11-26 12:45:00+02:00,BET,16992.42
tur1_2024,2024-11-26T11:00:00+00:00,2024-11-26 13:00:00+02:00,BET,17001.24
tur1_2024,2024-11-26T11:15:00+00:00,2024-11-26 13:15:00+02:00,BET,17010.69
tur1_2024,2024-11-26T11:30:00+00:00,2024-11-26 13:30:00+02:00,BET,16991.43
tur1_2024,2024-11-26T11:45:00+00:00,2024-11-26 13:45:00+02:00,BET,17004.72
tur1_2024,2024-11-26T12:00:00+00:00,2024-11-26 14:00:00+02:00,BET,16974.5
tur1_2024,2024-11-26T12:15:00+00:00,2024-11-26 14:15:00+02:00,BET,16967.44
tur1_2024,2024-11-26T12:30:00+00:00,2024-11-26 14:30:00+02:00,BET,16968.79
tur1_2024,2024-11-26T12:45:00+00:00,2024-11-26 14:45:00+02:00,BET,16981.89
tur1_2024,2024-11-26T13:00:00+00:00,2024-11-26 15:00:00+02:00,BET,16951.21
tur1_2024,2024-11-26T13:15:00+00:00,2024-11-26 15:15:00+02:00,BET,16970.42
tur1_2024,2024-11-26T13:30:00+00:00,2024-11-26 15:30:00+02:00,BET,16970.1
tur1_2024,2024-11-26T13:45:00+00:00,2024-11-26 15:45:00+02:00,BET,16985.28
tur1_2024,2024-11-26T14:00:00+00:00,2024-11-26 16:00:00+02:00,BET,16998.27
tur1_2024,2024-11-26T14:15:00+00:00,2024-11-26 16:15:00+02:00,BET,16990.35
tur1_2024,2024-11-26T14:30:00+00:00,2024-11-26 16:30:00+02:00,BET,17006.45
tur1_2024,2024-11-26T14:45:00+00:00,2024-11-26 16:45:00+02:00,BET,16996.71
tur1_2024,2024-11-26T15:00:00+00:00,2024-11-26 17:00:00+02:00,BET,16994.76
tur1_2024,2024-11-26T15:15:00+00:00,2024-11-26 17:15:00+02:00,BET,17011.13
tur1_2024,2024-11-26T15:30:00+00:00,2024-11-26 17:30:00+02:00,BET,16999.7
tur1_2024,2024-11-26T15:45:00+00:00,2024-11-26 17:45:00+02:00,BET,16985.64
tur1_2024,2024-11-15T08:00:00+00:00,2024-11-15 10:00:00+02:00,TLV,21.423
tur1_2024,2024-11-15T08:15:00+00:00,2024-11-15 10:15:00+02:00,TLV,21.3862
tur1_2024,2024-11-15T08:30:00+00:00,2024-11-15 10:30:00+02:00,TLV,21.3862
tur1_2024,2024-11-15T08:45:00+00:00,2024-11-15 10:45:00+02:00,TLV,21.3862
tur1_2024,2024-11-15T09:00:00+00:00,2024-11-15 11:00:00+02:00,TLV,21.3127
tur1_2024,2024-11-15T09:15:00+00:00,2024-11-15 11:15:00+02:00,TLV,21.3862
tur1_2024,2024-11-15T09:30:00+00:00,2024-11-15 11:30:00+02:00,TLV,21.3127
tur1_2024,2024-11-15T09:45:00+00:00,2024-11-15 11:45:00+02:00,TLV,21.3495
tur1_2024,2024-11-15T10:00:00+00:00,2024-11-15 12:00:00+02:00,TLV,21.3862
tur1_2024,2024-11-15T10:15:00+00:00,2024-11-15 12:15:00+02:00,TLV,21.3862
tur1_2024,2024-11-15T10:30:00+00:00,2024-11-15 12:30:00+02:00,TLV,21.3862
tur1_2024,2024-11-15T10:45:00+00:00,2024-11-15 12:45:00+02:00,TLV,21.3862
tur1_2024,2024-11-15T11:00:00+00:00,2024-11-15 13:00:00+02:00,TLV,21.3862
tur1_2024,2024-11-15T11:15:00+00:00,2024-11-15 13:15:00+02:00,TLV,21.3862
tur1_2024,2024-11-15T11:30:00+00:00,2024-11-15 13:30:00+02:00,TLV,21.3862
tur1_2024,2024-11-15T11:45:00+00:00,2024-11-15 13:45:00+02:00,TLV,21.3862
tur1_2024,2024-11-15T12:00:00+00:00,2024-11-15 14:00:00+02:00,TLV,21.3862
tur1_2024,2024-11-15T12:15:00+00:00,2024-11-15 14:15:00+02:00,TLV,21.423
tur1_2024,2024-11-15T12:30:00+00:00,2024-11-15 14:30:00+02:00,TLV,21.423
tur1_2024,2024-11-15T12:45:00+00:00,2024-11-15 14:45:00+02:00,TLV,21.423
tur1_2024,2024-11-15T13:00:00+00:00,2024-11-15 15:00:00+02:00,TLV,21.423
tur1_2024,2024-11-15T13:15:00+00:00,2024-11-15 15:15:00+02:00,TLV,21.3862
tur1_2024,2024-11-15T13:30:00+00:00,2024-11-15 15:30:00+02:00,TLV,21.423
tur1_2024,2024-11-15T13:45:00+00:00,2024-11-15 15:45:00+02:00,TLV,21.423
tur1_2024,2024-11-15T14:00:00+00:00,2024-11-15 16:00:00+02:00,TLV,21.4597
tur1_2024,2024-11-15T14:15:00+00:00,2024-11-15 16:15:00+02:00,TLV,21.4597
tur1_2024,2024-11-15T14:30:00+00:00,2024-11-15 16:30:00+02:00,TLV,21.4597
tur1_2024,2024-11-15T14:45:00+00:00,2024-11-15 16:45:00+02:00,TLV,21.423
tur1_2024,2024-11-15T15:00:00+00:00,2024-11-15 17:00:00+02:00,TLV,21.4597
tur1_2024,2024-11-15T15:15:00+00:00,2024-11-15 17:15:00+02:00,TLV,21.4597
tur1_2024,2024-11-15T15:30:00+00:00,2024-11-15 17:30:00+02:00,TLV,21.423
tur1_2024,2024-11-15T15:45:00+00:00,2024-11-15 17:45:00+02:00,TLV,21.423
tur1_2024,2024-11-18T08:00:00+00:00,2024-11-18 10:00:00+02:00,TLV,21.3862
tur1_2024,2024-11-18T08:15:00+00:00,2024-11-18 10:15:00+02:00,TLV,21.3862
tur1_2024,2024-11-18T08:30:00+00:00,2024-11-18 10:30:00+02:00,TLV,21.3862
tur1_2024,2024-11-18T08:45:00+00:00,2024-11-18 10:45:00+02:00,TLV,21.3862
tur1_2024,2024-11-18T09:00:00+00:00,2024-11-18 11:00:00+02:00,TLV,21.3495
tur1_2024,2024-11-18T09:15:00+00:00,2024-11-18 11:15:00+02:00,TLV,21.3127
tur1_2024,2024-11-18T09:30:00+00:00,2024-11-18 11:30:00+02:00,TLV,21.3862
tur1_2024,2024-11-18T09:45:00+00:00,2024-11-18 11:45:00+02:00,TLV,21.3862
tur1_2024,2024-11-18T10:00:00+00:00,2024-11-18 12:00:00+02:00,TLV,21.3495
tur1_2024,2024-11-18T10:15:00+00:00,2024-11-18 12:15:00+02:00,TLV,21.3495
tur1_2024,2024-11-18T10:30:00+00:00,2024-11-18 12:30:00+02:00,TLV,21.3495
tur1_2024,2024-11-18T10:45:00+00:00,2024-11-18 12:45:00+02:00,TLV,21.3862
tur1_2024,2024-11-18T11:00:00+00:00,2024-11-18 13:00:00+02:00,TLV,21.3127
tur1_2024,2024-11-18T11:15:00+00:00,2024-11-18 13:15:00+02:00,TLV,21.3127
tur1_2024,2024-11-18T11:30:00+00:00,2024-11-18 13:30:00+02:00,TLV,21.3127
tur1_2024,2024-11-18T11:45:00+00:00,2024-11-18 13:45:00+02:00,TLV,21.3127
tur1_2024,2024-11-18T12:00:00+00:00,2024-11-18 14:00:00+02:00,TLV,21.3127
tur1_2024,2024-11-18T12:15:00+00:00,2024-11-18 14:15:00+02:00,TLV,21.3127
tur1_2024,2024-11-18T12:30:00+00:00,2024-11-18 14:30:00+02:00,TLV,21.276
tur1_2024,2024-11-18T12:45:00+00:00,2024-11-18 14:45:00+02:00,TLV,21.2393
tur1_2024,2024-11-18T13:00:00+00:00,2024-11-18 15:00:00+02:00,TLV,21.276
tur1_2024,2024-11-18T13:15:00+00:00,2024-11-18 15:15:00+02:00,TLV,21.276
tur1_2024,2024-11-18T13:30:00+00:00,2024-11-18 15:30:00+02:00,TLV,21.2393
tur1_2024,2024-11-18T13:45:00+00:00,2024-11-18 15:45:00+02:00,TLV,21.2025
tur1_2024,2024-11-18T14:00:00+00:00,2024-11-18 16:00:00+02:00,TLV,21.2393
tur1_2024,2024-11-18T14:15:00+00:00,2024-11-18 16:15:00+02:00,TLV,21.2393
tur1_2024,2024-11-18T14:30:00+00:00,2024-11-18 16:30:00+02:00,TLV,21.276
tur1_2024,2024-11-18T14:45:00+00:00,2024-11-18 16:45:00+02:00,TLV,21.276
tur1_2024,2024-11-18T15:00:00+00:00,2024-11-18 17:00:00+02:00,TLV,21.3127
tur1_2024,2024-11-18T15:15:00+00:00,2024-11-18 17:15:00+02:00,TLV,21.3127
tur1_2024,2024-11-18T15:30:00+00:00,2024-11-18 17:30:00+02:00,TLV,21.2025
tur1_2024,2024-11-18T15:45:00+00:00,2024-11-18 17:45:00+02:00,TLV,21.2393
tur1_2024,2024-11-19T08:00:00+00:00,2024-11-19 10:00:00+02:00,TLV,21.2025
tur1_2024,2024-11-19T08:15:00+00:00,2024-11-19 10:15:00+02:00,TLV,21.129
tur1_2024,2024-11-19T08:30:00+00:00,2024-11-19 10:30:00+02:00,TLV,21.0923
tur1_2024,2024-11-19T08:45:00+00:00,2024-11-19 10:45:00+02:00,TLV,21.0555
tur1_2024,2024-11-19T09:00:00+00:00,2024-11-19 11:00:00+02:00,TLV,21.0923
tur1_2024,2024-11-19T09:15:00+00:00,2024-11-19 11:15:00+02:00,TLV,21.0923
tur1_2024,2024-11-19T09:30:00+00:00,2024-11-19 11:30:00+02:00,TLV,21.0923
tur1_2024,2024-11-19T09:45:00+00:00,2024-11-19 11:45:00+02:00,TLV,21.129
tur1_2024,2024-11-19T10:00:00+00:00,2024-11-19 12:00:00+02:00,TLV,21.1658
tur1_2024,2024-11-19T10:15:00+00:00,2024-11-19 12:15:00+02:00,TLV,21.1658
tur1_2024,2024-11-19T10:30:00+00:00,2024-11-19 12:30:00+02:00,TLV,21.129
tur1_2024,2024-11-19T10:45:00+00:00,2024-11-19 12:45:00+02:00,TLV,21.129
tur1_2024,2024-11-19T11:00:00+00:00,2024-11-19 13:00:00+02:00,TLV,21.129
tur1_2024,2024-11-19T11:15:00+00:00,2024-11-19 13:15:00+02:00,TLV,21.1658
tur1_2024,2024-11-19T11:30:00+00:00,2024-11-19 13:30:00+02:00,TLV,21.129
tur1_2024,2024-11-19T11:45:00+00:00,2024-11-19 13:45:00+02:00,TLV,21.1658
tur1_2024,2024-11-19T12:00:00+00:00,2024-11-19 14:00:00+02:00,TLV,21.1658
tur1_2024,2024-11-19T12:15:00+00:00,2024-11-19 14:15:00+02:00,TLV,21.1658
tur1_2024,2024-11-19T12:30:00+00:00,2024-11-19 14:30:00+02:00,TLV,21.0555
tur1_2024,2024-11-19T12:45:00+00:00,2024-11-19 14:45:00+02:00,TLV,21.0555
tur1_2024,2024-11-19T13:00:00+00:00,2024-11-19 15:00:00+02:00,TLV,21.0555
tur1_2024,2024-11-19T13:15:00+00:00,2024-11-19 15:15:00+02:00,TLV,21.0188
tur1_2024,2024-11-19T13:30:00+00:00,2024-11-19 15:30:00+02:00,TLV,21.0188
tur1_2024,2024-11-19T13:45:00+00:00,2024-11-19 15:45:00+02:00,TLV,20.9453
tur1_2024,2024-11-19T14:00:00+00:00,2024-11-19 16:00:00+02:00,TLV,20.9085
tur1_2024,2024-11-19T14:15:00+00:00,2024-11-19 16:15:00+02:00,TLV,20.7248
tur1_2024,2024-11-19T14:30:00+00:00,2024-11-19 16:30:00+02:00,TLV,20.6881
tur1_2024,2024-11-19T14:45:00+00:00,2024-11-19 16:45:00+02:00,TLV,20.6513
tur1_2024,2024-11-19T15:00:00+00:00,2024-11-19 17:00:00+02:00,TLV,20.6881
tur1_2024,2024-11-19T15:15:00+00:00,2024-11-19 17:15:00+02:00,TLV,20.6881
tur1_2024,2024-11-19T15:30:00+00:00,2024-11-19 17:30:00+02:00,TLV,20.5778
tur1_2024,2024-11-19T15:45:00+00:00,2024-11-19 17:45:00+02:00,TLV,20.6513
tur1_2024,2024-11-20T08:00:00+00:00,2024-11-20 10:00:00+02:00,TLV,21.0188
tur1_2024,2024-11-20T08:15:00+00:00,2024-11-20 10:15:00+02:00,TLV,21.0555
tur1_2024,2024-11-20T08:30:00+00:00,2024-11-20 10:30:00+02:00,TLV,21.0188
tur1_2024,2024-11-20T08:45:00+00:00,2024-11-20 10:45:00+02:00,TLV,20.9085
tur1_2024,2024-11-20T09:00:00+00:00,2024-11-20 11:00:00+02:00,TLV,20.9085
tur1_2024,2024-11-20T09:15:00+00:00,2024-11-20 11:15:00+02:00,TLV,20.9085
tur1_2024,2024-11-20T09:30:00+00:00,2024-11-20 11:30:00+02:00,TLV,20.8718
tur1_2024,2024-11-20T09:45:00+00:00,2024-11-20 11:45:00+02:00,TLV,20.8718
tur1_2024,2024-11-20T10:00:00+00:00,2024-11-20 12:00:00+02:00,TLV,20.8718
tur1_2024,2024-11-20T10:15:00+00:00,2024-11-20 12:15:00+02:00,TLV,20.9453
tur1_2024,2024-11-20T10:30:00+00:00,2024-11-20 12:30:00+02:00,TLV,20.8718
tur1_2024,2024-11-20T10:45:00+00:00,2024-11-20 12:45:00+02:00,TLV,20.7983
tur1_2024,2024-11-20T11:00:00+00:00,2024-11-20 13:00:00+02:00,TLV,20.8718
tur1_2024,2024-11-20T11:15:00+00:00,2024-11-20 13:15:00+02:00,TLV,20.8718
tur1_2024,2024-11-20T11:30:00+00:00,2024-11-20 13:30:00+02:00,TLV,20.835
tur1_2024,2024-11-20T11:45:00+00:00,2024-11-20 13:45:00+02:00,TLV,20.8718
tur1_2024,2024-11-20T12:00:00+00:00,2024-11-20 14:00:00+02:00,TLV,20.8718
tur1_2024,2024-11-20T12:15:00+00:00,2024-11-20 14:15:00+02:00,TLV,20.8718
tur1_2024,2024-11-20T12:30:00+00:00,2024-11-20 14:30:00+02:00,TLV,20.8718
tur1_2024,2024-11-20T12:45:00+00:00,2024-11-20 14:45:00+02:00,TLV,20.8718
tur1_2024,2024-11-20T13:00:00+00:00,2024-11-20 15:00:00+02:00,TLV,20.8718
tur1_2024,2024-11-20T13:15:00+00:00,2024-11-20 15:15:00+02:00,TLV,20.835
tur1_2024,2024-11-20T13:30:00+00:00,2024-11-20 15:30:00+02:00,TLV,20.835
tur1_2024,2024-11-20T13:45:00+00:00,2024-11-20 15:45:00+02:00,TLV,20.8718
tur1_2024,2024-11-20T14:00:00+00:00,2024-11-20 16:00:00+02:00,TLV,20.835
tur1_2024,2024-11-20T14:15:00+00:00,2024-11-20 16:15:00+02:00,TLV,20.835
tur1_2024,2024-11-20T14:30:00+00:00,2024-11-20 16:30:00+02:00,TLV,20.835
tur1_2024,2024-11-20T14:45:00+00:00,2024-11-20 16:45:00+02:00,TLV,20.7983
tur1_2024,2024-11-20T15:00:00+00:00,2024-11-20 17:00:00+02:00,TLV,20.7983
tur1_2024,2024-11-20T15:15:00+00:00,2024-11-20 17:15:00+02:00,TLV,20.7983
tur1_2024,2024-11-20T15:30:00+00:00,2024-11-20 17:30:00+02:00,TLV,20.7616
tur1_2024,2024-11-20T15:45:00+00:00,2024-11-20 17:45:00+02:00,TLV,20.835
tur1_2024,2024-11-21T08:00:00+00:00,2024-11-21 10:00:00+02:00,TLV,20.835
tur1_2024,2024-11-21T08:15:00+00:00,2024-11-21 10:15:00+02:00,TLV,20.9085
tur1_2024,2024-11-21T08:30:00+00:00,2024-11-21 10:30:00+02:00,TLV,20.9085
tur1_2024,2024-11-21T08:45:00+00:00,2024-11-21 10:45:00+02:00,TLV,21.0188
tur1_2024,2024-11-21T09:00:00+00:00,2024-11-21 11:00:00+02:00,TLV,20.9453
tur1_2024,2024-11-21T09:15:00+00:00,2024-11-21 11:15:00+02:00,TLV,20.9453
tur1_2024,2024-11-21T09:30:00+00:00,2024-11-21 11:30:00+02:00,TLV,20.9453
tur1_2024,2024-11-21T09:45:00+00:00,2024-11-21 11:45:00+02:00,TLV,20.9453
tur1_2024,2024-11-21T10:00:00+00:00,2024-11-21 12:00:00+02:00,TLV,20.9453
tur1_2024,2024-11-21T10:15:00+00:00,2024-11-21 12:15:00+02:00,TLV,20.9453
tur1_2024,2024-11-21T10:30:00+00:00,2024-11-21 12:30:00+02:00,TLV,20.982
tur1_2024,2024-11-21T10:45:00+00:00,2024-11-21 12:45:00+02:00,TLV,20.9453
tur1_2024,2024-11-21T11:00:00+00:00,2024-11-21 13:00:00+02:00,TLV,20.9453
tur1_2024,2024-11-21T11:15:00+00:00,2024-11-21 13:15:00+02:00,TLV,20.9453
tur1_2024,2024-11-21T11:30:00+00:00,2024-11-21 13:30:00+02:00,TLV,20.982
tur1_2024,2024-11-21T11:45:00+00:00,2024-11-21 13:45:00+02:00,TLV,20.9453
tur1_2024,2024-11-21T12:00:00+00:00,2024-11-21 14:00:00+02:00,TLV,20.9453
tur1_2024,2024-11-21T12:15:00+00:00,2024-11-21 14:15:00+02:00,TLV,20.982
tur1_2024,2024-11-21T12:30:00+00:00,2024-11-21 14:30:00+02:00,TLV,20.982
tur1_2024,2024-11-21T12:45:00+00:00,2024-11-21 14:45:00+02:00,TLV,20.982
tur1_2024,2024-11-21T13:00:00+00:00,2024-11-21 15:00:00+02:00,TLV,20.982
tur1_2024,2024-11-21T13:15:00+00:00,2024-11-21 15:15:00+02:00,TLV,20.982
tur1_2024,2024-11-21T13:30:00+00:00,2024-11-21 15:30:00+02:00,TLV,20.9453
tur1_2024,2024-11-21T13:45:00+00:00,2024-11-21 15:45:00+02:00,TLV,20.9453
tur1_2024,2024-11-21T14:00:00+00:00,2024-11-21 16:00:00+02:00,TLV,20.9453
tur1_2024,2024-11-21T14:15:00+00:00,2024-11-21 16:15:00+02:00,TLV,20.9085
tur1_2024,2024-11-21T14:30:00+00:00,2024-11-21 16:30:00+02:00,TLV,20.9085
tur1_2024,2024-11-21T14:45:00+00:00,2024-11-21 16:45:00+02:00,TLV,20.9085
tur1_2024,2024-11-21T15:00:00+00:00,2024-11-21 17:00:00+02:00,TLV,20.9453
tur1_2024,2024-11-21T15:15:00+00:00,2024-11-21 17:15:00+02:00,TLV,20.9453
tur1_2024,2024-11-21T15:30:00+00:00,2024-11-21 17:30:00+02:00,TLV,20.9453
tur1_2024,2024-11-21T15:45:00+00:00,2024-11-21 17:45:00+02:00,TLV,20.9085
tur1_2024,2024-11-22T08:00:00+00:00,2024-11-22 10:00:00+02:00,TLV,20.835
tur1_2024,2024-11-22T08:15:00+00:00,2024-11-22 10:15:00+02:00,TLV,20.7248
tur1_2024,2024-11-22T08:30:00+00:00,2024-11-22 10:30:00+02:00,TLV,20.7248
tur1_2024,2024-11-22T08:45:00+00:00,2024-11-22 10:45:00+02:00,TLV,20.7616
tur1_2024,2024-11-22T09:00:00+00:00,2024-11-22 11:00:00+02:00,TLV,20.7616
tur1_2024,2024-11-22T09:15:00+00:00,2024-11-22 11:15:00+02:00,TLV,20.835
tur1_2024,2024-11-22T09:30:00+00:00,2024-11-22 11:30:00+02:00,TLV,20.835
tur1_2024,2024-11-22T09:45:00+00:00,2024-11-22 11:45:00+02:00,TLV,20.7983
tur1_2024,2024-11-22T10:00:00+00:00,2024-11-22 12:00:00+02:00,TLV,20.7983
tur1_2024,2024-11-22T10:15:00+00:00,2024-11-22 12:15:00+02:00,TLV,20.7983
tur1_2024,2024-11-22T10:30:00+00:00,2024-11-22 12:30:00+02:00,TLV,20.835
tur1_2024,2024-11-22T10:45:00+00:00,2024-11-22 12:45:00+02:00,TLV,20.835
tur1_2024,2024-11-22T11:00:00+00:00,2024-11-22 13:00:00+02:00,TLV,20.835
tur1_2024,2024-11-22T11:15:00+00:00,2024-11-22 13:15:00+02:00,TLV,20.835
tur1_2024,2024-11-22T11:30:00+00:00,2024-11-22 13:30:00+02:00,TLV,20.7983
tur1_2024,2024-11-22T11:45:00+00:00,2024-11-22 13:45:00+02:00,TLV,20.7983
tur1_2024,2024-11-22T12:00:00+00:00,2024-11-22 14:00:00+02:00,TLV,20.8718
tur1_2024,2024-11-22T12:15:00+00:00,2024-11-22 14:15:00+02:00,TLV,20.835
tur1_2024,2024-11-22T12:30:00+00:00,2024-11-22 14:30:00+02:00,TLV,20.7248
tur1_2024,2024-11-22T12:45:00+00:00,2024-11-22 14:45:00+02:00,TLV,20.7616
tur1_2024,2024-11-22T13:00:00+00:00,2024-11-22 15:00:00+02:00,TLV,20.7616
tur1_2024,2024-11-22T13:15:00+00:00,2024-11-22 15:15:00+02:00,TLV,20.7983
tur1_2024,2024-11-22T13:30:00+00:00,2024-11-22 15:30:00+02:00,TLV,20.7983
tur1_2024,2024-11-22T13:45:00+00:00,2024-11-22 15:45:00+02:00,TLV,20.7983
tur1_2024,2024-11-22T14:00:00+00:00,2024-11-22 16:00:00+02:00,TLV,20.7616
tur1_2024,2024-11-22T14:15:00+00:00,2024-11-22 16:15:00+02:00,TLV,20.7616
tur1_2024,2024-11-22T14:30:00+00:00,2024-11-22 16:30:00+02:00,TLV,20.7616
tur1_2024,2024-11-22T14:45:00+00:00,2024-11-22 16:45:00+02:00,TLV,20.7616
tur1_2024,2024-11-22T15:00:00+00:00,2024-11-22 17:00:00+02:00,TLV,20.7616
tur1_2024,2024-11-22T15:15:00+00:00,2024-11-22 17:15:00+02:00,TLV,20.7616
tur1_2024,2024-11-22T15:30:00+00:00,2024-11-22 17:30:00+02:00,TLV,20.7616
tur1_2024,2024-11-22T15:45:00+00:00,2024-11-22 17:45:00+02:00,TLV,20.7248
tur1_2024,2024-11-25T08:00:00+00:00,2024-11-25 10:00:00+02:00,TLV,20.4308
tur1_2024,2024-11-25T08:15:00+00:00,2024-11-25 10:15:00+02:00,TLV,20.4308
tur1_2024,2024-11-25T08:30:00+00:00,2024-11-25 10:30:00+02:00,TLV,20.5778
tur1_2024,2024-11-25T08:45:00+00:00,2024-11-25 10:45:00+02:00,TLV,20.5778
tur1_2024,2024-11-25T09:00:00+00:00,2024-11-25 11:00:00+02:00,TLV,20.4308
tur1_2024,2024-11-25T09:15:00+00:00,2024-11-25 11:15:00+02:00,TLV,20.4676
tur1_2024,2024-11-25T09:30:00+00:00,2024-11-25 11:30:00+02:00,TLV,20.4676
tur1_2024,2024-11-25T09:45:00+00:00,2024-11-25 11:45:00+02:00,TLV,20.5043
tur1_2024,2024-11-25T10:00:00+00:00,2024-11-25 12:00:00+02:00,TLV,20.5411
tur1_2024,2024-11-25T10:15:00+00:00,2024-11-25 12:15:00+02:00,TLV,20.5043
tur1_2024,2024-11-25T10:30:00+00:00,2024-11-25 12:30:00+02:00,TLV,20.5778
tur1_2024,2024-11-25T10:45:00+00:00,2024-11-25 12:45:00+02:00,TLV,20.5043
tur1_2024,2024-11-25T11:00:00+00:00,2024-11-25 13:00:00+02:00,TLV,20.5043
tur1_2024,2024-11-25T11:15:00+00:00,2024-11-25 13:15:00+02:00,TLV,20.4676
tur1_2024,2024-11-25T11:30:00+00:00,2024-11-25 13:30:00+02:00,TLV,20.4676
tur1_2024,2024-11-25T11:45:00+00:00,2024-11-25 13:45:00+02:00,TLV,20.4676
tur1_2024,2024-11-25T12:00:00+00:00,2024-11-25 14:00:00+02:00,TLV,20.5043
tur1_2024,2024-11-25T12:15:00+00:00,2024-11-25 14:15:00+02:00,TLV,20.5043
tur1_2024,2024-11-25T12:30:00+00:00,2024-11-25 14:30:00+02:00,TLV,20.5043
tur1_2024,2024-11-25T12:45:00+00:00,2024-11-25 14:45:00+02:00,TLV,20.5043
tur1_2024,2024-11-25T13:00:00+00:00,2024-11-25 15:00:00+02:00,TLV,20.5043
tur1_2024,2024-11-25T13:15:00+00:00,2024-11-25 15:15:00+02:00,TLV,20.5043
tur1_2024,2024-11-25T13:30:00+00:00,2024-11-25 15:30:00+02:00,TLV,20.5043
tur1_2024,2024-11-25T13:45:00+00:00,2024-11-25 15:45:00+02:00,TLV,20.5043
tur1_2024,2024-11-25T14:00:00+00:00,2024-11-25 16:00:00+02:00,TLV,20.5043
tur1_2024,2024-11-25T14:15:00+00:00,2024-11-25 16:15:00+02:00,TLV,20.5043
tur1_2024,2024-11-25T14:30:00+00:00,2024-11-25 16:30:00+02:00,TLV,20.4308
tur1_2024,2024-11-25T14:45:00+00:00,2024-11-25 16:45:00+02:00,TLV,20.4676
tur1_2024,2024-11-25T15:00:00+00:00,2024-11-25 17:00:00+02:00,TLV,20.5411
tur1_2024,2024-11-25T15:15:00+00:00,2024-11-25 17:15:00+02:00,TLV,20.5411
tur1_2024,2024-11-25T15:30:00+00:00,2024-11-25 17:30:00+02:00,TLV,20.4308
tur1_2024,2024-11-25T15:45:00+00:00,2024-11-25 17:45:00+02:00,TLV,20.6881
tur1_2024,2024-11-26T08:00:00+00:00,2024-11-26 10:00:00+02:00,TLV,20.6881
tur1_2024,2024-11-26T08:15:00+00:00,2024-11-26 10:15:00+02:00,TLV,20.6513
tur1_2024,2024-11-26T08:30:00+00:00,2024-11-26 10:30:00+02:00,TLV,20.6881
tur1_2024,2024-11-26T08:45:00+00:00,2024-11-26 10:45:00+02:00,TLV,20.5778
tur1_2024,2024-11-26T09:00:00+00:00,2024-11-26 11:00:00+02:00,TLV,20.6146
tur1_2024,2024-11-26T09:15:00+00:00,2024-11-26 11:15:00+02:00,TLV,20.6146
tur1_2024,2024-11-26T09:30:00+00:00,2024-11-26 11:30:00+02:00,TLV,20.6146
tur1_2024,2024-11-26T09:45:00+00:00,2024-11-26 11:45:00+02:00,TLV,20.6513
tur1_2024,2024-11-26T10:00:00+00:00,2024-11-26 12:00:00+02:00,TLV,20.6513
tur1_2024,2024-11-26T10:15:00+00:00,2024-11-26 12:15:00+02:00,TLV,20.6513
tur1_2024,2024-11-26T10:30:00+00:00,2024-11-26 12:30:00+02:00,TLV,20.6513
tur1_2024,2024-11-26T10:45:00+00:00,2024-11-26 12:45:00+02:00,TLV,20.5778
tur1_2024,2024-11-26T11:00:00+00:00,2024-11-26 13:00:00+02:00,TLV,20.6513
tur1_2024,2024-11-26T11:15:00+00:00,2024-11-26 13:15:00+02:00,TLV,20.6513
tur1_2024,2024-11-26T11:30:00+00:00,2024-11-26 13:30:00+02:00,TLV,20.6146
tur1_2024,2024-11-26T11:45:00+00:00,2024-11-26 13:45:00+02:00,TLV,20.5778
tur1_2024,2024-11-26T12:00:00+00:00,2024-11-26 14:00:00+02:00,TLV,20.5411
tur1_2024,2024-11-26T12:15:00+00:00,2024-11-26 14:15:00+02:00,TLV,20.5411
tur1_2024,2024-11-26T12:30:00+00:00,2024-11-26 14:30:00+02:00,TLV,20.5778
tur1_2024,2024-11-26T12:45:00+00:00,2024-11-26 14:45:00+02:00,TLV,20.5411
tur1_2024,2024-11-26T13:00:00+00:00,2024-11-26 15:00:00+02:00,TLV,20.5411
tur1_2024,2024-11-26T13:15:00+00:00,2024-11-26 15:15:00+02:00,TLV,20.5411
tur1_2024,2024-11-26T13:30:00+00:00,2024-11-26 15:30:00+02:00,TLV,20.5778
tur1_2024,2024-11-26T13:45:00+00:00,2024-11-26 15:45:00+02:00,TLV,20.5411
tur1_2024,2024-11-26T14:00:00+00:00,2024-11-26 16:00:00+02:00,TLV,20.5778
tur1_2024,2024-11-26T14:15:00+00:00,2024-11-26 16:15:00+02:00,TLV,20.4308
tur1_2024,2024-11-26T14:30:00+00:00,2024-11-26 16:30:00+02:00,TLV,20.5778
tur1_2024,2024-11-26T14:45:00+00:00,2024-11-26 16:45:00+02:00,TLV,20.5411
tur1_2024,2024-11-26T15:00:00+00:00,2024-11-26 17:00:00+02:00,TLV,20.5778
tur1_2024,2024-11-26T15:15:00+00:00,2024-11-26 17:15:00+02:00,TLV,20.5778
tur1_2024,2024-11-26T15:30:00+00:00,2024-11-26 17:30:00+02:00,TLV,20.5778
tur1_2024,2024-11-26T15:45:00+00:00,2024-11-26 17:45:00+02:00,TLV,20.5778
tur1_2025,2025-04-23T07:00:00+00:00,2025-04-23 10:00:00+03:00,BET,17236.5
tur1_2025,2025-04-23T07:15:00+00:00,2025-04-23 10:15:00+03:00,BET,17217.25
tur1_2025,2025-04-23T07:30:00+00:00,2025-04-23 10:30:00+03:00,BET,17215.73
tur1_2025,2025-04-23T07:45:00+00:00,2025-04-23 10:45:00+03:00,BET,17238.38
tur1_2025,2025-04-23T08:00:00+00:00,2025-04-23 11:00:00+03:00,BET,17253.59
tur1_2025,2025-04-23T08:15:00+00:00,2025-04-23 11:15:00+03:00,BET,17252.26
tur1_2025,2025-04-23T08:30:00+00:00,2025-04-23 11:30:00+03:00,BET,17295.57
tur1_2025,2025-04-23T08:45:00+00:00,2025-04-23 11:45:00+03:00,BET,17302.62
tur1_2025,2025-04-23T09:00:00+00:00,2025-04-23 12:00:00+03:00,BET,17314.54
tur1_2025,2025-04-23T09:15:00+00:00,2025-04-23 12:15:00+03:00,BET,17346.55
tur1_2025,2025-04-23T09:30:00+00:00,2025-04-23 12:30:00+03:00,BET,17355.57
tur1_2025,2025-04-23T09:45:00+00:00,2025-04-23 12:45:00+03:00,BET,17356.56
tur1_2025,2025-04-23T10:00:00+00:00,2025-04-23 13:00:00+03:00,BET,17347.79
tur1_2025,2025-04-23T10:15:00+00:00,2025-04-23 13:15:00+03:00,BET,17350.89
tur1_2025,2025-04-23T10:30:00+00:00,2025-04-23 13:30:00+03:00,BET,17360.48
tur1_2025,2025-04-23T10:45:00+00:00,2025-04-23 13:45:00+03:00,BET,17351.53
tur1_2025,2025-04-23T11:00:00+00:00,2025-04-23 14:00:00+03:00,BET,17345.17
tur1_2025,2025-04-23T11:15:00+00:00,2025-04-23 14:15:00+03:00,BET,17355.54
tur1_2025,2025-04-23T11:30:00+00:00,2025-04-23 14:30:00+03:00,BET,17354.17
tur1_2025,2025-04-23T11:45:00+00:00,2025-04-23 14:45:00+03:00,BET,17351.35
tur1_2025,2025-04-23T12:00:00+00:00,2025-04-23 15:00:00+03:00,BET,17341.38
tur1_2025,2025-04-23T12:15:00+00:00,2025-04-23 15:15:00+03:00,BET,17320.85
tur1_2025,2025-04-23T12:30:00+00:00,2025-04-23 15:30:00+03:00,BET,17331.06
tur1_2025,2025-04-23T12:45:00+00:00,2025-04-23 15:45:00+03:00,BET,17329.29
tur1_2025,2025-04-23T13:00:00+00:00,2025-04-23 16:00:00+03:00,BET,17316.69
tur1_2025,2025-04-23T13:15:00+00:00,2025-04-23 16:15:00+03:00,BET,17311.75
tur1_2025,2025-04-23T13:30:00+00:00,2025-04-23 16:30:00+03:00,BET,17319.85
tur1_2025,2025-04-23T13:45:00+00:00,2025-04-23 16:45:00+03:00,BET,17328.83
tur1_2025,2025-04-23T14:00:00+00:00,2025-04-23 17:00:00+03:00,BET,17324.02
tur1_2025,2025-04-23T14:15:00+00:00,2025-04-23 17:15:00+03:00,BET,17341.14
tur1_2025,2025-04-23T14:30:00+00:00,2025-04-23 17:30:00+03:00,BET,17336.18
tur1_2025,2025-04-23T14:45:00+00:00,2025-04-23 17:45:00+03:00,BET,17330.68
tur1_2025,2025-04-24T07:00:00+00:00,2025-04-24 10:00:00+03:00,BET,17346.68
tur1_2025,2025-04-24T07:15:00+00:00,2025-04-24 10:15:00+03:00,BET,17371.01
tur1_2025,2025-04-24T07:30:00+00:00,2025-04-24 10:30:00+03:00,BET,17368.75
tur1_2025,2025-04-24T07:45:00+00:00,2025-04-24 10:45:00+03:00,BET,17371.59
tur1_2025,2025-04-24T08:00:00+00:00,2025-04-24 11:00:00+03:00,BET,17376.2
tur1_2025,2025-04-24T08:15:00+00:00,2025-04-24 11:15:00+03:00,BET,17363.51
tur1_2025,2025-04-24T08:30:00+00:00,2025-04-24 11:30:00+03:00,BET,17348.47
tur1_2025,2025-04-24T08:45:00+00:00,2025-04-24 11:45:00+03:00,BET,17359.6
tur1_2025,2025-04-24T09:00:00+00:00,2025-04-24 12:00:00+03:00,BET,17375.35
tur1_2025,2025-04-24T09:15:00+00:00,2025-04-24 12:15:00+03:00,BET,17379.47
tur1_2025,2025-04-24T09:30:00+00:00,2025-04-24 12:30:00+03:00,BET,17381.26
tur1_2025,2025-04-24T09:45:00+00:00,2025-04-24 12:45:00+03:00,BET,17385.1
tur1_2025,2025-04-24T10:00:00+00:00,2025-04-24 13:00:00+03:00,BET,17388.16
tur1_2025,2025-04-24T10:15:00+00:00,2025-04-24 13:15:00+03:00,BET,17388.22
tur1_2025,2025-04-24T10:30:00+00:00,2025-04-24 13:30:00+03:00,BET,17363.68
tur1_2025,2025-04-24T10:45:00+00:00,2025-04-24 13:45:00+03:00,BET,17360.23
tur1_2025,2025-04-24T11:00:00+00:00,2025-04-24 14:00:00+03:00,BET,17380.93
tur1_2025,2025-04-24T11:15:00+00:00,2025-04-24 14:15:00+03:00,BET,17405.02
tur1_2025,2025-04-24T11:30:00+00:00,2025-04-24 14:30:00+03:00,BET,17412.52
tur1_2025,2025-04-24T11:45:00+00:00,2025-04-24 14:45:00+03:00,BET,17399.92
tur1_2025,2025-04-24T12:00:00+00:00,2025-04-24 15:00:00+03:00,BET,17420.75
tur1_2025,2025-04-24T12:15:00+00:00,2025-04-24 15:15:00+03:00,BET,17431.87
tur1_2025,2025-04-24T12:30:00+00:00,2025-04-24 15:30:00+03:00,BET,17436.94
tur1_2025,2025-04-24T12:45:00+00:00,2025-04-24 15:45:00+03:00,BET,17428.6
tur1_2025,2025-04-24T13:00:00+00:00,2025-04-24 16:00:00+03:00,BET,17424.31
tur1_2025,2025-04-24T13:15:00+00:00,2025-04-24 16:15:00+03:00,BET,17439.92
tur1_2025,2025-04-24T13:30:00+00:00,2025-04-24 16:30:00+03:00,BET,17417.56
tur1_2025,2025-04-24T13:45:00+00:00,2025-04-24 16:45:00+03:00,BET,17441.09
tur1_2025,2025-04-24T14:00:00+00:00,2025-04-24 17:00:00+03:00,BET,17422.51
tur1_2025,2025-04-24T14:15:00+00:00,2025-04-24 17:15:00+03:00,BET,17409.08
tur1_2025,2025-04-24T14:30:00+00:00,2025-04-24 17:30:00+03:00,BET,17398.39
tur1_2025,2025-04-24T14:45:00+00:00,2025-04-24 17:45:00+03:00,BET,17374.77
tur1_2025,2025-04-25T07:00:00+00:00,2025-04-25 10:00:00+03:00,BET,17428.46
tur1_2025,2025-04-25T07:15:00+00:00,2025-04-25 10:15:00+03:00,BET,17430.75
tur1_2025,2025-04-25T07:30:00+00:00,2025-04-25 10:30:00+03:00,BET,17428.23
tur1_2025,2025-04-25T07:45:00+00:00,2025-04-25 10:45:00+03:00,BET,17426.06
tur1_2025,2025-04-25T08:00:00+00:00,2025-04-25 11:00:00+03:00,BET,17396.66
tur1_2025,2025-04-25T08:15:00+00:00,2025-04-25 11:15:00+03:00,BET,17408.91
tur1_2025,2025-04-25T08:30:00+00:00,2025-04-25 11:30:00+03:00,BET,17409.76
tur1_2025,2025-04-25T08:45:00+00:00,2025-04-25 11:45:00+03:00,BET,17405.65
tur1_2025,2025-04-25T09:00:00+00:00,2025-04-25 12:00:00+03:00,BET,17414.78
tur1_2025,2025-04-25T09:15:00+00:00,2025-04-25 12:15:00+03:00,BET,17396.34
tur1_2025,2025-04-25T09:30:00+00:00,2025-04-25 12:30:00+03:00,BET,17395.51
tur1_2025,2025-04-25T09:45:00+00:00,2025-04-25 12:45:00+03:00,BET,17397.33
tur1_2025,2025-04-25T10:00:00+00:00,2025-04-25 13:00:00+03:00,BET,17415.13
tur1_2025,2025-04-25T10:15:00+00:00,2025-04-25 13:15:00+03:00,BET,17418.04
tur1_2025,2025-04-25T10:30:00+00:00,2025-04-25 13:30:00+03:00,BET,17413.56
tur1_2025,2025-04-25T10:45:00+00:00,2025-04-25 13:45:00+03:00,BET,17405.64
tur1_2025,2025-04-25T11:00:00+00:00,2025-04-25 14:00:00+03:00,BET,17422.61
tur1_2025,2025-04-25T11:15:00+00:00,2025-04-25 14:15:00+03:00,BET,17424.61
tur1_2025,2025-04-25T11:30:00+00:00,2025-04-25 14:30:00+03:00,BET,17429.13
tur1_2025,2025-04-25T11:45:00+00:00,2025-04-25 14:45:00+03:00,BET,17422.71
tur1_2025,2025-04-25T12:00:00+00:00,2025-04-25 15:00:00+03:00,BET,17421.23
tur1_2025,2025-04-25T12:15:00+00:00,2025-04-25 15:15:00+03:00,BET,17426.65
tur1_2025,2025-04-25T12:30:00+00:00,2025-04-25 15:30:00+03:00,BET,17412.9
tur1_2025,2025-04-25T12:45:00+00:00,2025-04-25 15:45:00+03:00,BET,17417.27
tur1_2025,2025-04-25T13:00:00+00:00,2025-04-25 16:00:00+03:00,BET,17395.08
tur1_2025,2025-04-25T13:15:00+00:00,2025-04-25 16:15:00+03:00,BET,17409.14
tur1_2025,2025-04-25T13:30:00+00:00,2025-04-25 16:30:00+03:00,BET,17420.21
tur1_2025,2025-04-25T13:45:00+00:00,2025-04-25 16:45:00+03:00,BET,17424.17
tur1_2025,2025-04-25T14:00:00+00:00,2025-04-25 17:00:00+03:00,BET,17425.77
tur1_2025,2025-04-25T14:15:00+00:00,2025-04-25 17:15:00+03:00,BET,17429.44
tur1_2025,2025-04-25T14:30:00+00:00,2025-04-25 17:30:00+03:00,BET,17421.11
tur1_2025,2025-04-25T14:45:00+00:00,2025-04-25 17:45:00+03:00,BET,17431.76
tur1_2025,2025-04-28T07:00:00+00:00,2025-04-28 10:00:00+03:00,BET,17431.35
tur1_2025,2025-04-28T07:15:00+00:00,2025-04-28 10:15:00+03:00,BET,17426.55
tur1_2025,2025-04-28T07:30:00+00:00,2025-04-28 10:30:00+03:00,BET,17436.63
tur1_2025,2025-04-28T07:45:00+00:00,2025-04-28 10:45:00+03:00,BET,17427.92
tur1_2025,2025-04-28T08:00:00+00:00,2025-04-28 11:00:00+03:00,BET,17420.44
tur1_2025,2025-04-28T08:15:00+00:00,2025-04-28 11:15:00+03:00,BET,17408.01
tur1_2025,2025-04-28T08:30:00+00:00,2025-04-28 11:30:00+03:00,BET,17405.48
tur1_2025,2025-04-28T08:45:00+00:00,2025-04-28 11:45:00+03:00,BET,17411.15
tur1_2025,2025-04-28T09:00:00+00:00,2025-04-28 12:00:00+03:00,BET,17428.0
tur1_2025,2025-04-28T09:15:00+00:00,2025-04-28 12:15:00+03:00,BET,17424.66
tur1_2025,2025-04-28T09:30:00+00:00,2025-04-28 12:30:00+03:00,BET,17421.89
tur1_2025,2025-04-28T09:45:00+00:00,2025-04-28 12:45:00+03:00,BET,17412.02
tur1_2025,2025-04-28T10:00:00+00:00,2025-04-28 13:00:00+03:00,BET,17437.66
tur1_2025,2025-04-28T10:15:00+00:00,2025-04-28 13:15:00+03:00,BET,17428.51
tur1_2025,2025-04-28T10:30:00+00:00,2025-04-28 13:30:00+03:00,BET,17422.66
tur1_2025,2025-04-28T10:45:00+00:00,2025-04-28 13:45:00+03:00,BET,17413.0
tur1_2025,2025-04-28T11:00:00+00:00,2025-04-28 14:00:00+03:00,BET,17411.82
tur1_2025,2025-04-28T11:15:00+00:00,2025-04-28 14:15:00+03:00,BET,17407.35
tur1_2025,2025-04-28T11:30:00+00:00,2025-04-28 14:30:00+03:00,BET,17418.84
tur1_2025,2025-04-28T11:45:00+00:00,2025-04-28 14:45:00+03:00,BET,17393.99
tur1_2025,2025-04-28T12:00:00+00:00,2025-04-28 15:00:00+03:00,BET,17384.06
tur1_2025,2025-04-28T12:15:00+00:00,2025-04-28 15:15:00+03:00,BET,17387.34
tur1_2025,2025-04-28T12:30:00+00:00,2025-04-28 15:30:00+03:00,BET,17390.34
tur1_2025,2025-04-28T12:45:00+00:00,2025-04-28 15:45:00+03:00,BET,17398.35
tur1_2025,2025-04-28T13:00:00+00:00,2025-04-28 16:00:00+03:00,BET,17400.68
tur1_2025,2025-04-28T13:15:00+00:00,2025-04-28 16:15:00+03:00,BET,17394.39
tur1_2025,2025-04-28T13:30:00+00:00,2025-04-28 16:30:00+03:00,BET,17400.5
tur1_2025,2025-04-28T13:45:00+00:00,2025-04-28 16:45:00+03:00,BET,17378.61
tur1_2025,2025-04-28T14:00:00+00:00,2025-04-28 17:00:00+03:00,BET,17415.06
tur1_2025,2025-04-28T14:15:00+00:00,2025-04-28 17:15:00+03:00,BET,17418.28
tur1_2025,2025-04-28T14:30:00+00:00,2025-04-28 17:30:00+03:00,BET,17423.15
tur1_2025,2025-04-28T14:45:00+00:00,2025-04-28 17:45:00+03:00,BET,17409.68
tur1_2025,2025-04-29T07:00:00+00:00,2025-04-29 10:00:00+03:00,BET,17375.6
tur1_2025,2025-04-29T07:15:00+00:00,2025-04-29 10:15:00+03:00,BET,17383.08
tur1_2025,2025-04-29T07:30:00+00:00,2025-04-29 10:30:00+03:00,BET,17391.72
tur1_2025,2025-04-29T07:45:00+00:00,2025-04-29 10:45:00+03:00,BET,17395.47
tur1_2025,2025-04-29T08:00:00+00:00,2025-04-29 11:00:00+03:00,BET,17384.53
tur1_2025,2025-04-29T08:15:00+00:00,2025-04-29 11:15:00+03:00,BET,17403.49
tur1_2025,2025-04-29T08:30:00+00:00,2025-04-29 11:30:00+03:00,BET,17400.27
tur1_2025,2025-04-29T08:45:00+00:00,2025-04-29 11:45:00+03:00,BET,17392.78
tur1_2025,2025-04-29T09:00:00+00:00,2025-04-29 12:00:00+03:00,BET,17388.75
tur1_2025,2025-04-29T09:15:00+00:00,2025-04-29 12:15:00+03:00,BET,17406.41
tur1_2025,2025-04-29T09:30:00+00:00,2025-04-29 12:30:00+03:00,BET,17411.73
tur1_2025,2025-04-29T09:45:00+00:00,2025-04-29 12:45:00+03:00,BET,17418.92
tur1_2025,2025-04-29T10:00:00+00:00,2025-04-29 13:00:00+03:00,BET,17413.96
tur1_2025,2025-04-29T10:15:00+00:00,2025-04-29 13:15:00+03:00,BET,17404.07
tur1_2025,2025-04-29T10:30:00+00:00,2025-04-29 13:30:00+03:00,BET,17413.16
tur1_2025,2025-04-29T10:45:00+00:00,2025-04-29 13:45:00+03:00,BET,17401.97
tur1_2025,2025-04-29T11:00:00+00:00,2025-04-29 14:00:00+03:00,BET,17403.71
tur1_2025,2025-04-29T11:15:00+00:00,2025-04-29 14:15:00+03:00,BET,17416.16
tur1_2025,2025-04-29T11:30:00+00:00,2025-04-29 14:30:00+03:00,BET,17407.37
tur1_2025,2025-04-29T11:45:00+00:00,2025-04-29 14:45:00+03:00,BET,17403.56
tur1_2025,2025-04-29T12:00:00+00:00,2025-04-29 15:00:00+03:00,BET,17438.21
tur1_2025,2025-04-29T12:15:00+00:00,2025-04-29 15:15:00+03:00,BET,17441.57
tur1_2025,2025-04-29T12:30:00+00:00,2025-04-29 15:30:00+03:00,BET,17436.64
tur1_2025,2025-04-29T12:45:00+00:00,2025-04-29 15:45:00+03:00,BET,17443.01
tur1_2025,2025-04-29T13:00:00+00:00,2025-04-29 16:00:00+03:00,BET,17447.59
tur1_2025,2025-04-29T13:15:00+00:00,2025-04-29 16:15:00+03:00,BET,17426.87
tur1_2025,2025-04-29T13:30:00+00:00,2025-04-29 16:30:00+03:00,BET,17422.77
tur1_2025,2025-04-29T13:45:00+00:00,2025-04-29 16:45:00+03:00,BET,17437.0
tur1_2025,2025-04-29T14:00:00+00:00,2025-04-29 17:00:00+03:00,BET,17424.95
tur1_2025,2025-04-29T14:15:00+00:00,2025-04-29 17:15:00+03:00,BET,17426.32
tur1_2025,2025-04-29T14:30:00+00:00,2025-04-29 17:30:00+03:00,BET,17432.3
tur1_2025,2025-04-29T14:45:00+00:00,2025-04-29 17:45:00+03:00,BET,17435.68
tur1_2025,2025-04-30T07:00:00+00:00,2025-04-30 10:00:00+03:00,BET,17441.84
tur1_2025,2025-04-30T07:15:00+00:00,2025-04-30 10:15:00+03:00,BET,17429.08
tur1_2025,2025-04-30T07:30:00+00:00,2025-04-30 10:30:00+03:00,BET,17405.23
tur1_2025,2025-04-30T07:45:00+00:00,2025-04-30 10:45:00+03:00,BET,17369.41
tur1_2025,2025-04-30T08:00:00+00:00,2025-04-30 11:00:00+03:00,BET,17356.13
tur1_2025,2025-04-30T08:15:00+00:00,2025-04-30 11:15:00+03:00,BET,17330.77
tur1_2025,2025-04-30T08:30:00+00:00,2025-04-30 11:30:00+03:00,BET,17327.56
tur1_2025,2025-04-30T08:45:00+00:00,2025-04-30 11:45:00+03:00,BET,17329.53
tur1_2025,2025-04-30T09:00:00+00:00,2025-04-30 12:00:00+03:00,BET,17322.95
tur1_2025,2025-04-30T09:15:00+00:00,2025-04-30 12:15:00+03:00,BET,17334.91
tur1_2025,2025-04-30T09:30:00+00:00,2025-04-30 12:30:00+03:00,BET,17326.21
tur1_2025,2025-04-30T09:45:00+00:00,2025-04-30 12:45:00+03:00,BET,17320.96
tur1_2025,2025-04-30T10:00:00+00:00,2025-04-30 13:00:00+03:00,BET,17313.7
tur1_2025,2025-04-30T10:15:00+00:00,2025-04-30 13:15:00+03:00,BET,17309.93
tur1_2025,2025-04-30T10:30:00+00:00,2025-04-30 13:30:00+03:00,BET,17316.57
tur1_2025,2025-04-30T10:45:00+00:00,2025-04-30 13:45:00+03:00,BET,17289.87
tur1_2025,2025-04-30T11:00:00+00:00,2025-04-30 14:00:00+03:00,BET,17313.14
tur1_2025,2025-04-30T11:15:00+00:00,2025-04-30 14:15:00+03:00,BET,17296.83
tur1_2025,2025-04-30T11:30:00+00:00,2025-04-30 14:30:00+03:00,BET,17296.55
tur1_2025,2025-04-30T11:45:00+00:00,2025-04-30 14:45:00+03:00,BET,17267.53
tur1_2025,2025-04-30T12:00:00+00:00,2025-04-30 15:00:00+03:00,BET,17302.34
tur1_2025,2025-04-30T12:15:00+00:00,2025-04-30 15:15:00+03:00,BET,17300.53
tur1_2025,2025-04-30T12:30:00+00:00,2025-04-30 15:30:00+03:00,BET,17270.01
tur1_2025,2025-04-30T12:45:00+00:00,2025-04-30 15:45:00+03:00,BET,17260.61
tur1_2025,2025-04-30T13:00:00+00:00,2025-04-30 16:00:00+03:00,BET,17260.32
tur1_2025,2025-04-30T13:15:00+00:00,2025-04-30 16:15:00+03:00,BET,17251.23
tur1_2025,2025-04-30T13:30:00+00:00,2025-04-30 16:30:00+03:00,BET,17263.78
tur1_2025,2025-04-30T13:45:00+00:00,2025-04-30 16:45:00+03:00,BET,17222.32
tur1_2025,2025-04-30T14:00:00+00:00,2025-04-30 17:00:00+03:00,BET,17217.92
tur1_2025,2025-04-30T14:15:00+00:00,2025-04-30 17:15:00+03:00,BET,17246.78
tur1_2025,2025-04-30T14:30:00+00:00,2025-04-30 17:30:00+03:00,BET,17213.78
tur1_2025,2025-04-30T14:45:00+00:00,2025-04-30 17:45:00+03:00,BET,17156.94
tur1_2025,2025-05-02T07:00:00+00:00,2025-05-02 10:00:00+03:00,BET,17269.37
tur1_2025,2025-05-02T07:15:00+00:00,2025-05-02 10:15:00+03:00,BET,17271.94
tur1_2025,2025-05-02T07:30:00+00:00,2025-05-02 10:30:00+03:00,BET,17281.77
tur1_2025,2025-05-02T07:45:00+00:00,2025-05-02 10:45:00+03:00,BET,17291.24
tur1_2025,2025-05-02T08:00:00+00:00,2025-05-02 11:00:00+03:00,BET,17276.07
tur1_2025,2025-05-02T08:15:00+00:00,2025-05-02 11:15:00+03:00,BET,17271.87
tur1_2025,2025-05-02T08:30:00+00:00,2025-05-02 11:30:00+03:00,BET,17255.09
tur1_2025,2025-05-02T08:45:00+00:00,2025-05-02 11:45:00+03:00,BET,17252.79
tur1_2025,2025-05-02T09:00:00+00:00,2025-05-02 12:00:00+03:00,BET,17243.91
tur1_2025,2025-05-02T09:15:00+00:00,2025-05-02 12:15:00+03:00,BET,17246.91
tur1_2025,2025-05-02T09:30:00+00:00,2025-05-02 12:30:00+03:00,BET,17251.66
tur1_2025,2025-05-02T09:45:00+00:00,2025-05-02 12:45:00+03:00,BET,17248.77
tur1_2025,2025-05-02T10:00:00+00:00,2025-05-02 13:00:00+03:00,BET,17240.88
tur1_2025,2025-05-02T10:15:00+00:00,2025-05-02 13:15:00+03:00,BET,17243.71
tur1_2025,2025-05-02T10:30:00+00:00,2025-05-02 13:30:00+03:00,BET,17205.05
tur1_2025,2025-05-02T10:45:00+00:00,2025-05-02 13:45:00+03:00,BET,17224.97
tur1_2025,2025-05-02T11:00:00+00:00,2025-05-02 14:00:00+03:00,BET,17229.31
tur1_2025,2025-05-02T11:15:00+00:00,2025-05-02 14:15:00+03:00,BET,17214.83
tur1_2025,2025-05-02T11:30:00+00:00,2025-05-02 14:30:00+03:00,BET,17207.49
tur1_2025,2025-05-02T11:45:00+00:00,2025-05-02 14:45:00+03:00,BET,17171.66
tur1_2025,2025-05-02T12:00:00+00:00,2025-05-02 15:00:00+03:00,BET,17175.34
tur1_2025,2025-05-02T12:15:00+00:00,2025-05-02 15:15:00+03:00,BET,17182.18
tur1_2025,2025-05-02T12:30:00+00:00,2025-05-02 15:30:00+03:00,BET,17151.13
tur1_2025,2025-05-02T12:45:00+00:00,2025-05-02 15:45:00+03:00,BET,17184.8
tur1_2025,2025-05-02T13:00:00+00:00,2025-05-02 16:00:00+03:00,BET,17196.05
tur1_2025,2025-05-02T13:15:00+00:00,2025-05-02 16:15:00+03:00,BET,17190.12
tur1_2025,2025-05-02T13:30:00+00:00,2025-05-02 16:30:00+03:00,BET,17172.17
tur1_2025,2025-05-02T13:45:00+00:00,2025-05-02 16:45:00+03:00,BET,17167.03
tur1_2025,2025-05-02T14:00:00+00:00,2025-05-02 17:00:00+03:00,BET,17151.77
tur1_2025,2025-05-02T14:15:00+00:00,2025-05-02 17:15:00+03:00,BET,17152.64
tur1_2025,2025-05-02T14:30:00+00:00,2025-05-02 17:30:00+03:00,BET,17135.8
tur1_2025,2025-05-02T14:45:00+00:00,2025-05-02 17:45:00+03:00,BET,17139.47
tur1_2025,2025-05-05T07:00:00+00:00,2025-05-05 10:00:00+03:00,BET,16774.55
tur1_2025,2025-05-05T07:15:00+00:00,2025-05-05 10:15:00+03:00,BET,16887.74
tur1_2025,2025-05-05T07:30:00+00:00,2025-05-05 10:30:00+03:00,BET,16808.87
tur1_2025,2025-05-05T07:45:00+00:00,2025-05-05 10:45:00+03:00,BET,16841.59
tur1_2025,2025-05-05T08:00:00+00:00,2025-05-05 11:00:00+03:00,BET,16843.52
tur1_2025,2025-05-05T08:15:00+00:00,2025-05-05 11:15:00+03:00,BET,16872.65
tur1_2025,2025-05-05T08:30:00+00:00,2025-05-05 11:30:00+03:00,BET,16860.25
tur1_2025,2025-05-05T08:45:00+00:00,2025-05-05 11:45:00+03:00,BET,16851.75
tur1_2025,2025-05-05T09:00:00+00:00,2025-05-05 12:00:00+03:00,BET,16841.72
tur1_2025,2025-05-05T09:15:00+00:00,2025-05-05 12:15:00+03:00,BET,16818.27
tur1_2025,2025-05-05T09:30:00+00:00,2025-05-05 12:30:00+03:00,BET,16859.58
tur1_2025,2025-05-05T09:45:00+00:00,2025-05-05 12:45:00+03:00,BET,16889.39
tur1_2025,2025-05-05T10:00:00+00:00,2025-05-05 13:00:00+03:00,BET,16889.18
tur1_2025,2025-05-05T10:15:00+00:00,2025-05-05 13:15:00+03:00,BET,16874.19
tur1_2025,2025-05-05T10:30:00+00:00,2025-05-05 13:30:00+03:00,BET,16854.98
tur1_2025,2025-05-05T10:45:00+00:00,2025-05-05 13:45:00+03:00,BET,16855.44
tur1_2025,2025-05-05T11:00:00+00:00,2025-05-05 14:00:00+03:00,BET,16859.71
tur1_2025,2025-05-05T11:15:00+00:00,2025-05-05 14:15:00+03:00,BET,16799.38
tur1_2025,2025-05-05T11:30:00+00:00,2025-05-05 14:30:00+03:00,BET,16785.6
tur1_2025,2025-05-05T11:45:00+00:00,2025-05-05 14:45:00+03:00,BET,16760.1
tur1_2025,2025-05-05T12:00:00+00:00,2025-05-05 15:00:00+03:00,BET,16741.6
tur1_2025,2025-05-05T12:15:00+00:00,2025-05-05 15:15:00+03:00,BET,16700.95
tur1_2025,2025-05-05T12:30:00+00:00,2025-05-05 15:30:00+03:00,BET,16691.37
tur1_2025,2025-05-05T12:45:00+00:00,2025-05-05 15:45:00+03:00,BET,16702.45
tur1_2025,2025-05-05T13:00:00+00:00,2025-05-05 16:00:00+03:00,BET,16670.32
tur1_2025,2025-05-05T13:15:00+00:00,2025-05-05 16:15:00+03:00,BET,16688.94
tur1_2025,2025-05-05T13:30:00+00:00,2025-05-05 16:30:00+03:00,BET,16670.63
tur1_2025,2025-05-05T13:45:00+00:00,2025-05-05 16:45:00+03:00,BET,16671.19
tur1_2025,2025-05-05T14:00:00+00:00,2025-05-05 17:00:00+03:00,BET,16680.21
tur1_2025,2025-05-05T14:15:00+00:00,2025-05-05 17:15:00+03:00,BET,16711.25
tur1_2025,2025-05-05T14:30:00+00:00,2025-05-05 17:30:00+03:00,BET,16681.72
tur1_2025,2025-05-05T14:45:00+00:00,2025-05-05 17:45:00+03:00,BET,16645.36
tur1_2025,2025-05-06T07:00:00+00:00,2025-05-06 10:00:00+03:00,BET,16501.58
tur1_2025,2025-05-06T07:15:00+00:00,2025-05-06 10:15:00+03:00,BET,16524.41
tur1_2025,2025-05-06T07:30:00+00:00,2025-05-06 10:30:00+03:00,BET,16576.33
tur1_2025,2025-05-06T07:45:00+00:00,2025-05-06 10:45:00+03:00,BET,16601.65
tur1_2025,2025-05-06T08:00:00+00:00,2025-05-06 11:00:00+03:00,BET,16640.58
tur1_2025,2025-05-06T08:15:00+00:00,2025-05-06 11:15:00+03:00,BET,16635.34
tur1_2025,2025-05-06T08:30:00+00:00,2025-05-06 11:30:00+03:00,BET,16660.93
tur1_2025,2025-05-06T08:45:00+00:00,2025-05-06 11:45:00+03:00,BET,16641.7
tur1_2025,2025-05-06T09:00:00+00:00,2025-05-06 12:00:00+03:00,BET,16608.86
tur1_2025,2025-05-06T09:15:00+00:00,2025-05-06 12:15:00+03:00,BET,16601.84
tur1_2025,2025-05-06T09:30:00+00:00,2025-05-06 12:30:00+03:00,BET,16597.53
tur1_2025,2025-05-06T09:45:00+00:00,2025-05-06 12:45:00+03:00,BET,16591.31
tur1_2025,2025-05-06T10:00:00+00:00,2025-05-06 13:00:00+03:00,BET,16590.76
tur1_2025,2025-05-06T10:15:00+00:00,2025-05-06 13:15:00+03:00,BET,16577.0
tur1_2025,2025-05-06T10:30:00+00:00,2025-05-06 13:30:00+03:00,BET,16574.9
tur1_2025,2025-05-06T10:45:00+00:00,2025-05-06 13:45:00+03:00,BET,16566.57
tur1_2025,2025-05-06T11:00:00+00:00,2025-05-06 14:00:00+03:00,BET,16555.51
tur1_2025,2025-05-06T11:15:00+00:00,2025-05-06 14:15:00+03:00,BET,16572.55
tur1_2025,2025-05-06T11:30:00+00:00,2025-05-06 14:30:00+03:00,BET,16579.28
tur1_2025,2025-05-06T11:45:00+00:00,2025-05-06 14:45:00+03:00,BET,16570.19
tur1_2025,2025-05-06T12:00:00+00:00,2025-05-06 15:00:00+03:00,BET,16577.05
tur1_2025,2025-05-06T12:15:00+00:00,2025-05-06 15:15:00+03:00,BET,16581.15
tur1_2025,2025-05-06T12:30:00+00:00,2025-05-06 15:30:00+03:00,BET,16575.25
tur1_2025,2025-05-06T12:45:00+00:00,2025-05-06 15:45:00+03:00,BET,16594.12
tur1_2025,2025-05-06T13:00:00+00:00,2025-05-06 16:00:00+03:00,BET,16585.76
tur1_2025,2025-05-06T13:15:00+00:00,2025-05-06 16:15:00+03:00,BET,16593.34
tur1_2025,2025-05-06T13:30:00+00:00,2025-05-06 16:30:00+03:00,BET,16574.66
tur1_2025,2025-05-06T13:45:00+00:00,2025-05-06 16:45:00+03:00,BET,16586.41
tur1_2025,2025-05-06T14:00:00+00:00,2025-05-06 17:00:00+03:00,BET,16592.92
tur1_2025,2025-05-06T14:15:00+00:00,2025-05-06 17:15:00+03:00,BET,16615.44
tur1_2025,2025-05-06T14:30:00+00:00,2025-05-06 17:30:00+03:00,BET,16586.32
tur1_2025,2025-05-06T14:45:00+00:00,2025-05-06 17:45:00+03:00,BET,16570.2
tur1_2025,2025-04-23T07:00:00+00:00,2025-04-23 10:00:00+03:00,TLV,20.7101
tur1_2025,2025-04-23T07:15:00+00:00,2025-04-23 10:15:00+03:00,TLV,20.6513
tur1_2025,2025-04-23T07:30:00+00:00,2025-04-23 10:30:00+03:00,TLV,20.6366
tur1_2025,2025-04-23T07:45:00+00:00,2025-04-23 10:45:00+03:00,TLV,20.6366
tur1_2025,2025-04-23T08:00:00+00:00,2025-04-23 11:00:00+03:00,TLV,20.7101
tur1_2025,2025-04-23T08:15:00+00:00,2025-04-23 11:15:00+03:00,TLV,20.7101
tur1_2025,2025-04-23T08:30:00+00:00,2025-04-23 11:30:00+03:00,TLV,20.7248
tur1_2025,2025-04-23T08:45:00+00:00,2025-04-23 11:45:00+03:00,TLV,20.7248
tur1_2025,2025-04-23T09:00:00+00:00,2025-04-23 12:00:00+03:00,TLV,20.7689
tur1_2025,2025-04-23T09:15:00+00:00,2025-04-23 12:15:00+03:00,TLV,20.7689
tur1_2025,2025-04-23T09:30:00+00:00,2025-04-23 12:30:00+03:00,TLV,20.7542
tur1_2025,2025-04-23T09:45:00+00:00,2025-04-23 12:45:00+03:00,TLV,20.7542
tur1_2025,2025-04-23T10:00:00+00:00,2025-04-23 13:00:00+03:00,TLV,20.7542
tur1_2025,2025-04-23T10:15:00+00:00,2025-04-23 13:15:00+03:00,TLV,20.7689
tur1_2025,2025-04-23T10:30:00+00:00,2025-04-23 13:30:00+03:00,TLV,20.7395
tur1_2025,2025-04-23T10:45:00+00:00,2025-04-23 13:45:00+03:00,TLV,20.7248
tur1_2025,2025-04-23T11:00:00+00:00,2025-04-23 14:00:00+03:00,TLV,20.7101
tur1_2025,2025-04-23T11:15:00+00:00,2025-04-23 14:15:00+03:00,TLV,20.7248
tur1_2025,2025-04-23T11:30:00+00:00,2025-04-23 14:30:00+03:00,TLV,20.7248
tur1_2025,2025-04-23T11:45:00+00:00,2025-04-23 14:45:00+03:00,TLV,20.7248
tur1_2025,2025-04-23T12:00:00+00:00,2025-04-23 15:00:00+03:00,TLV,20.7248
tur1_2025,2025-04-23T12:15:00+00:00,2025-04-23 15:15:00+03:00,TLV,20.7101
tur1_2025,2025-04-23T12:30:00+00:00,2025-04-23 15:30:00+03:00,TLV,20.6513
tur1_2025,2025-04-23T12:45:00+00:00,2025-04-23 15:45:00+03:00,TLV,20.6366
tur1_2025,2025-04-23T13:00:00+00:00,2025-04-23 16:00:00+03:00,TLV,20.6219
tur1_2025,2025-04-23T13:15:00+00:00,2025-04-23 16:15:00+03:00,TLV,20.6072
tur1_2025,2025-04-23T13:30:00+00:00,2025-04-23 16:30:00+03:00,TLV,20.6513
tur1_2025,2025-04-23T13:45:00+00:00,2025-04-23 16:45:00+03:00,TLV,20.6366
tur1_2025,2025-04-23T14:00:00+00:00,2025-04-23 17:00:00+03:00,TLV,20.6366
tur1_2025,2025-04-23T14:15:00+00:00,2025-04-23 17:15:00+03:00,TLV,20.6366
tur1_2025,2025-04-23T14:30:00+00:00,2025-04-23 17:30:00+03:00,TLV,20.6513
tur1_2025,2025-04-23T14:45:00+00:00,2025-04-23 17:45:00+03:00,TLV,20.6513
tur1_2025,2025-04-24T07:00:00+00:00,2025-04-24 10:00:00+03:00,TLV,20.7101
tur1_2025,2025-04-24T07:15:00+00:00,2025-04-24 10:15:00+03:00,TLV,20.7395
tur1_2025,2025-04-24T07:30:00+00:00,2025-04-24 10:30:00+03:00,TLV,20.7395
tur1_2025,2025-04-24T07:45:00+00:00,2025-04-24 10:45:00+03:00,TLV,20.7542
tur1_2025,2025-04-24T08:00:00+00:00,2025-04-24 11:00:00+03:00,TLV,20.7689
tur1_2025,2025-04-24T08:15:00+00:00,2025-04-24 11:15:00+03:00,TLV,20.7689
tur1_2025,2025-04-24T08:30:00+00:00,2025-04-24 11:30:00+03:00,TLV,20.7836
tur1_2025,2025-04-24T08:45:00+00:00,2025-04-24 11:45:00+03:00,TLV,20.7983
tur1_2025,2025-04-24T09:00:00+00:00,2025-04-24 12:00:00+03:00,TLV,20.813
tur1_2025,2025-04-24T09:15:00+00:00,2025-04-24 12:15:00+03:00,TLV,20.8277
tur1_2025,2025-04-24T09:30:00+00:00,2025-04-24 12:30:00+03:00,TLV,20.7836
tur1_2025,2025-04-24T09:45:00+00:00,2025-04-24 12:45:00+03:00,TLV,20.7836
tur1_2025,2025-04-24T10:00:00+00:00,2025-04-24 13:00:00+03:00,TLV,20.7836
tur1_2025,2025-04-24T10:15:00+00:00,2025-04-24 13:15:00+03:00,TLV,20.7689
tur1_2025,2025-04-24T10:30:00+00:00,2025-04-24 13:30:00+03:00,TLV,20.7689
tur1_2025,2025-04-24T10:45:00+00:00,2025-04-24 13:45:00+03:00,TLV,20.7689
tur1_2025,2025-04-24T11:00:00+00:00,2025-04-24 14:00:00+03:00,TLV,20.7689
tur1_2025,2025-04-24T11:15:00+00:00,2025-04-24 14:15:00+03:00,TLV,20.8277
tur1_2025,2025-04-24T11:30:00+00:00,2025-04-24 14:30:00+03:00,TLV,20.813
tur1_2025,2025-04-24T11:45:00+00:00,2025-04-24 14:45:00+03:00,TLV,20.7836
tur1_2025,2025-04-24T12:00:00+00:00,2025-04-24 15:00:00+03:00,TLV,20.7983
tur1_2025,2025-04-24T12:15:00+00:00,2025-04-24 15:15:00+03:00,TLV,20.7983
tur1_2025,2025-04-24T12:30:00+00:00,2025-04-24 15:30:00+03:00,TLV,20.7689
tur1_2025,2025-04-24T12:45:00+00:00,2025-04-24 15:45:00+03:00,TLV,20.7983
tur1_2025,2025-04-24T13:00:00+00:00,2025-04-24 16:00:00+03:00,TLV,20.7836
tur1_2025,2025-04-24T13:15:00+00:00,2025-04-24 16:15:00+03:00,TLV,20.7836
tur1_2025,2025-04-24T13:30:00+00:00,2025-04-24 16:30:00+03:00,TLV,20.7836
tur1_2025,2025-04-24T13:45:00+00:00,2025-04-24 16:45:00+03:00,TLV,20.7983
tur1_2025,2025-04-24T14:00:00+00:00,2025-04-24 17:00:00+03:00,TLV,20.7836
tur1_2025,2025-04-24T14:15:00+00:00,2025-04-24 17:15:00+03:00,TLV,20.7542
tur1_2025,2025-04-24T14:30:00+00:00,2025-04-24 17:30:00+03:00,TLV,20.7395
tur1_2025,2025-04-24T14:45:00+00:00,2025-04-24 17:45:00+03:00,TLV,20.7248
tur1_2025,2025-04-25T07:00:00+00:00,2025-04-25 10:00:00+03:00,TLV,20.7689
tur1_2025,2025-04-25T07:15:00+00:00,2025-04-25 10:15:00+03:00,TLV,20.7836
tur1_2025,2025-04-25T07:30:00+00:00,2025-04-25 10:30:00+03:00,TLV,20.7395
tur1_2025,2025-04-25T07:45:00+00:00,2025-04-25 10:45:00+03:00,TLV,20.7248
tur1_2025,2025-04-25T08:00:00+00:00,2025-04-25 11:00:00+03:00,TLV,20.7248
tur1_2025,2025-04-25T08:15:00+00:00,2025-04-25 11:15:00+03:00,TLV,20.7101
tur1_2025,2025-04-25T08:30:00+00:00,2025-04-25 11:30:00+03:00,TLV,20.6807
tur1_2025,2025-04-25T08:45:00+00:00,2025-04-25 11:45:00+03:00,TLV,20.6954
tur1_2025,2025-04-25T09:00:00+00:00,2025-04-25 12:00:00+03:00,TLV,20.7248
tur1_2025,2025-04-25T09:15:00+00:00,2025-04-25 12:15:00+03:00,TLV,20.7248
tur1_2025,2025-04-25T09:30:00+00:00,2025-04-25 12:30:00+03:00,TLV,20.7101
tur1_2025,2025-04-25T09:45:00+00:00,2025-04-25 12:45:00+03:00,TLV,20.7101
tur1_2025,2025-04-25T10:00:00+00:00,2025-04-25 13:00:00+03:00,TLV,20.7101
tur1_2025,2025-04-25T10:15:00+00:00,2025-04-25 13:15:00+03:00,TLV,20.7101
tur1_2025,2025-04-25T10:30:00+00:00,2025-04-25 13:30:00+03:00,TLV,20.7248
tur1_2025,2025-04-25T10:45:00+00:00,2025-04-25 13:45:00+03:00,TLV,20.7101
tur1_2025,2025-04-25T11:00:00+00:00,2025-04-25 14:00:00+03:00,TLV,20.7101
tur1_2025,2025-04-25T11:15:00+00:00,2025-04-25 14:15:00+03:00,TLV,20.7248
tur1_2025,2025-04-25T11:30:00+00:00,2025-04-25 14:30:00+03:00,TLV,20.7248
tur1_2025,2025-04-25T11:45:00+00:00,2025-04-25 14:45:00+03:00,TLV,20.7248
tur1_2025,2025-04-25T12:00:00+00:00,2025-04-25 15:00:00+03:00,TLV,20.7101
tur1_2025,2025-04-25T12:15:00+00:00,2025-04-25 15:15:00+03:00,TLV,20.7101
tur1_2025,2025-04-25T12:30:00+00:00,2025-04-25 15:30:00+03:00,TLV,20.6954
tur1_2025,2025-04-25T12:45:00+00:00,2025-04-25 15:45:00+03:00,TLV,20.6954
tur1_2025,2025-04-25T13:00:00+00:00,2025-04-25 16:00:00+03:00,TLV,20.6954
tur1_2025,2025-04-25T13:15:00+00:00,2025-04-25 16:15:00+03:00,TLV,20.6954
tur1_2025,2025-04-25T13:30:00+00:00,2025-04-25 16:30:00+03:00,TLV,20.6513
tur1_2025,2025-04-25T13:45:00+00:00,2025-04-25 16:45:00+03:00,TLV,20.6807
tur1_2025,2025-04-25T14:00:00+00:00,2025-04-25 17:00:00+03:00,TLV,20.7101
tur1_2025,2025-04-25T14:15:00+00:00,2025-04-25 17:15:00+03:00,TLV,20.7101
tur1_2025,2025-04-25T14:30:00+00:00,2025-04-25 17:30:00+03:00,TLV,20.7101
tur1_2025,2025-04-25T14:45:00+00:00,2025-04-25 17:45:00+03:00,TLV,20.6807
tur1_2025,2025-04-28T07:00:00+00:00,2025-04-28 10:00:00+03:00,TLV,20.7983
tur1_2025,2025-04-28T07:15:00+00:00,2025-04-28 10:15:00+03:00,TLV,20.7836
tur1_2025,2025-04-28T07:30:00+00:00,2025-04-28 10:30:00+03:00,TLV,20.6954
tur1_2025,2025-04-28T07:45:00+00:00,2025-04-28 10:45:00+03:00,TLV,20.6954
tur1_2025,2025-04-28T08:00:00+00:00,2025-04-28 11:00:00+03:00,TLV,20.6807
tur1_2025,2025-04-28T08:15:00+00:00,2025-04-28 11:15:00+03:00,TLV,20.6954
tur1_2025,2025-04-28T08:30:00+00:00,2025-04-28 11:30:00+03:00,TLV,20.7248
tur1_2025,2025-04-28T08:45:00+00:00,2025-04-28 11:45:00+03:00,TLV,20.7101
tur1_2025,2025-04-28T09:00:00+00:00,2025-04-28 12:00:00+03:00,TLV,20.7101
tur1_2025,2025-04-28T09:15:00+00:00,2025-04-28 12:15:00+03:00,TLV,20.7248
tur1_2025,2025-04-28T09:30:00+00:00,2025-04-28 12:30:00+03:00,TLV,20.7248
tur1_2025,2025-04-28T09:45:00+00:00,2025-04-28 12:45:00+03:00,TLV,20.7248
tur1_2025,2025-04-28T10:00:00+00:00,2025-04-28 13:00:00+03:00,TLV,20.7248
tur1_2025,2025-04-28T10:15:00+00:00,2025-04-28 13:15:00+03:00,TLV,20.7248
tur1_2025,2025-04-28T10:30:00+00:00,2025-04-28 13:30:00+03:00,TLV,20.7248
tur1_2025,2025-04-28T10:45:00+00:00,2025-04-28 13:45:00+03:00,TLV,20.6807
tur1_2025,2025-04-28T11:00:00+00:00,2025-04-28 14:00:00+03:00,TLV,20.6954
tur1_2025,2025-04-28T11:15:00+00:00,2025-04-28 14:15:00+03:00,TLV,20.6954
tur1_2025,2025-04-28T11:30:00+00:00,2025-04-28 14:30:00+03:00,TLV,20.6954
tur1_2025,2025-04-28T11:45:00+00:00,2025-04-28 14:45:00+03:00,TLV,20.7101
tur1_2025,2025-04-28T12:00:00+00:00,2025-04-28 15:00:00+03:00,TLV,20.7101
tur1_2025,2025-04-28T12:15:00+00:00,2025-04-28 15:15:00+03:00,TLV,20.7101
tur1_2025,2025-04-28T12:30:00+00:00,2025-04-28 15:30:00+03:00,TLV,20.7101
tur1_2025,2025-04-28T12:45:00+00:00,2025-04-28 15:45:00+03:00,TLV,20.7101
tur1_2025,2025-04-28T13:00:00+00:00,2025-04-28 16:00:00+03:00,TLV,20.6954
tur1_2025,2025-04-28T13:15:00+00:00,2025-04-28 16:15:00+03:00,TLV,20.6954
tur1_2025,2025-04-28T13:30:00+00:00,2025-04-28 16:30:00+03:00,TLV,20.7101
tur1_2025,2025-04-28T13:45:00+00:00,2025-04-28 16:45:00+03:00,TLV,20.6954
tur1_2025,2025-04-28T14:00:00+00:00,2025-04-28 17:00:00+03:00,TLV,20.6954
tur1_2025,2025-04-28T14:15:00+00:00,2025-04-28 17:15:00+03:00,TLV,20.6954
tur1_2025,2025-04-28T14:30:00+00:00,2025-04-28 17:30:00+03:00,TLV,20.6807
tur1_2025,2025-04-28T14:45:00+00:00,2025-04-28 17:45:00+03:00,TLV,20.6954
tur1_2025,2025-04-29T07:00:00+00:00,2025-04-29 10:00:00+03:00,TLV,20.6513
tur1_2025,2025-04-29T07:15:00+00:00,2025-04-29 10:15:00+03:00,TLV,20.666
tur1_2025,2025-04-29T07:30:00+00:00,2025-04-29 10:30:00+03:00,TLV,20.666
tur1_2025,2025-04-29T07:45:00+00:00,2025-04-29 10:45:00+03:00,TLV,20.6807
tur1_2025,2025-04-29T08:00:00+00:00,2025-04-29 11:00:00+03:00,TLV,20.6513
tur1_2025,2025-04-29T08:15:00+00:00,2025-04-29 11:15:00+03:00,TLV,20.666
tur1_2025,2025-04-29T08:30:00+00:00,2025-04-29 11:30:00+03:00,TLV,20.666
tur1_2025,2025-04-29T08:45:00+00:00,2025-04-29 11:45:00+03:00,TLV,20.666
tur1_2025,2025-04-29T09:00:00+00:00,2025-04-29 12:00:00+03:00,TLV,20.6513
tur1_2025,2025-04-29T09:15:00+00:00,2025-04-29 12:15:00+03:00,TLV,20.6807
tur1_2025,2025-04-29T09:30:00+00:00,2025-04-29 12:30:00+03:00,TLV,20.6807
tur1_2025,2025-04-29T09:45:00+00:00,2025-04-29 12:45:00+03:00,TLV,20.6807
tur1_2025,2025-04-29T10:00:00+00:00,2025-04-29 13:00:00+03:00,TLV,20.6807
tur1_2025,2025-04-29T10:15:00+00:00,2025-04-29 13:15:00+03:00,TLV,20.666
tur1_2025,2025-04-29T10:30:00+00:00,2025-04-29 13:30:00+03:00,TLV,20.666
tur1_2025,2025-04-29T10:45:00+00:00,2025-04-29 13:45:00+03:00,TLV,20.666
tur1_2025,2025-04-29T11:00:00+00:00,2025-04-29 14:00:00+03:00,TLV,20.666
tur1_2025,2025-04-29T11:15:00+00:00,2025-04-29 14:15:00+03:00,TLV,20.6513
tur1_2025,2025-04-29T11:30:00+00:00,2025-04-29 14:30:00+03:00,TLV,20.6513
tur1_2025,2025-04-29T11:45:00+00:00,2025-04-29 14:45:00+03:00,TLV,20.666
tur1_2025,2025-04-29T12:00:00+00:00,2025-04-29 15:00:00+03:00,TLV,20.6954
tur1_2025,2025-04-29T12:15:00+00:00,2025-04-29 15:15:00+03:00,TLV,20.6954
tur1_2025,2025-04-29T12:30:00+00:00,2025-04-29 15:30:00+03:00,TLV,20.7101
tur1_2025,2025-04-29T12:45:00+00:00,2025-04-29 15:45:00+03:00,TLV,20.7248
tur1_2025,2025-04-29T13:00:00+00:00,2025-04-29 16:00:00+03:00,TLV,20.7248
tur1_2025,2025-04-29T13:15:00+00:00,2025-04-29 16:15:00+03:00,TLV,20.7689
tur1_2025,2025-04-29T13:30:00+00:00,2025-04-29 16:30:00+03:00,TLV,20.7101
tur1_2025,2025-04-29T13:45:00+00:00,2025-04-29 16:45:00+03:00,TLV,20.7248
tur1_2025,2025-04-29T14:00:00+00:00,2025-04-29 17:00:00+03:00,TLV,20.7248
tur1_2025,2025-04-29T14:15:00+00:00,2025-04-29 17:15:00+03:00,TLV,20.7101
tur1_2025,2025-04-29T14:30:00+00:00,2025-04-29 17:30:00+03:00,TLV,20.7542
tur1_2025,2025-04-29T14:45:00+00:00,2025-04-29 17:45:00+03:00,TLV,20.7248
tur1_2025,2025-04-30T07:00:00+00:00,2025-04-30 10:00:00+03:00,TLV,20.7395
tur1_2025,2025-04-30T07:15:00+00:00,2025-04-30 10:15:00+03:00,TLV,20.7542
tur1_2025,2025-04-30T07:30:00+00:00,2025-04-30 10:30:00+03:00,TLV,20.7542
tur1_2025,2025-04-30T07:45:00+00:00,2025-04-30 10:45:00+03:00,TLV,20.7542
tur1_2025,2025-04-30T08:00:00+00:00,2025-04-30 11:00:00+03:00,TLV,20.7542
tur1_2025,2025-04-30T08:15:00+00:00,2025-04-30 11:15:00+03:00,TLV,20.7395
tur1_2025,2025-04-30T08:30:00+00:00,2025-04-30 11:30:00+03:00,TLV,20.7248
tur1_2025,2025-04-30T08:45:00+00:00,2025-04-30 11:45:00+03:00,TLV,20.7248
tur1_2025,2025-04-30T09:00:00+00:00,2025-04-30 12:00:00+03:00,TLV,20.7248
tur1_2025,2025-04-30T09:15:00+00:00,2025-04-30 12:15:00+03:00,TLV,20.7248
tur1_2025,2025-04-30T09:30:00+00:00,2025-04-30 12:30:00+03:00,TLV,20.7101
tur1_2025,2025-04-30T09:45:00+00:00,2025-04-30 12:45:00+03:00,TLV,20.7248
tur1_2025,2025-04-30T10:00:00+00:00,2025-04-30 13:00:00+03:00,TLV,20.7248
tur1_2025,2025-04-30T10:15:00+00:00,2025-04-30 13:15:00+03:00,TLV,20.7248
tur1_2025,2025-04-30T10:30:00+00:00,2025-04-30 13:30:00+03:00,TLV,20.7248
tur1_2025,2025-04-30T10:45:00+00:00,2025-04-30 13:45:00+03:00,TLV,20.7248
tur1_2025,2025-04-30T11:00:00+00:00,2025-04-30 14:00:00+03:00,TLV,20.7101
tur1_2025,2025-04-30T11:15:00+00:00,2025-04-30 14:15:00+03:00,TLV,20.6954
tur1_2025,2025-04-30T11:30:00+00:00,2025-04-30 14:30:00+03:00,TLV,20.6807
tur1_2025,2025-04-30T11:45:00+00:00,2025-04-30 14:45:00+03:00,TLV,20.6954
tur1_2025,2025-04-30T12:00:00+00:00,2025-04-30 15:00:00+03:00,TLV,20.7101
tur1_2025,2025-04-30T12:15:00+00:00,2025-04-30 15:15:00+03:00,TLV,20.6954
tur1_2025,2025-04-30T12:30:00+00:00,2025-04-30 15:30:00+03:00,TLV,20.6954
tur1_2025,2025-04-30T12:45:00+00:00,2025-04-30 15:45:00+03:00,TLV,20.6954
tur1_2025,2025-04-30T13:00:00+00:00,2025-04-30 16:00:00+03:00,TLV,20.6807
tur1_2025,2025-04-30T13:15:00+00:00,2025-04-30 16:15:00+03:00,TLV,20.666
tur1_2025,2025-04-30T13:30:00+00:00,2025-04-30 16:30:00+03:00,TLV,20.6807
tur1_2025,2025-04-30T13:45:00+00:00,2025-04-30 16:45:00+03:00,TLV,20.6807
tur1_2025,2025-04-30T14:00:00+00:00,2025-04-30 17:00:00+03:00,TLV,20.6954
tur1_2025,2025-04-30T14:15:00+00:00,2025-04-30 17:15:00+03:00,TLV,20.6807
tur1_2025,2025-04-30T14:30:00+00:00,2025-04-30 17:30:00+03:00,TLV,20.6954
tur1_2025,2025-04-30T14:45:00+00:00,2025-04-30 17:45:00+03:00,TLV,20.6954
tur1_2025,2025-05-02T07:00:00+00:00,2025-05-02 10:00:00+03:00,TLV,20.7248
tur1_2025,2025-05-02T07:15:00+00:00,2025-05-02 10:15:00+03:00,TLV,20.7542
tur1_2025,2025-05-02T07:30:00+00:00,2025-05-02 10:30:00+03:00,TLV,20.7395
tur1_2025,2025-05-02T07:45:00+00:00,2025-05-02 10:45:00+03:00,TLV,20.7689
tur1_2025,2025-05-02T08:00:00+00:00,2025-05-02 11:00:00+03:00,TLV,20.7689
tur1_2025,2025-05-02T08:15:00+00:00,2025-05-02 11:15:00+03:00,TLV,20.7542
tur1_2025,2025-05-02T08:30:00+00:00,2025-05-02 11:30:00+03:00,TLV,20.7542
tur1_2025,2025-05-02T08:45:00+00:00,2025-05-02 11:45:00+03:00,TLV,20.7542
tur1_2025,2025-05-02T09:00:00+00:00,2025-05-02 12:00:00+03:00,TLV,20.7395
tur1_2025,2025-05-02T09:15:00+00:00,2025-05-02 12:15:00+03:00,TLV,20.7542
tur1_2025,2025-05-02T09:30:00+00:00,2025-05-02 12:30:00+03:00,TLV,20.7395
tur1_2025,2025-05-02T09:45:00+00:00,2025-05-02 12:45:00+03:00,TLV,20.7542
tur1_2025,2025-05-02T10:00:00+00:00,2025-05-02 13:00:00+03:00,TLV,20.7395
tur1_2025,2025-05-02T10:15:00+00:00,2025-05-02 13:15:00+03:00,TLV,20.7542
tur1_2025,2025-05-02T10:30:00+00:00,2025-05-02 13:30:00+03:00,TLV,20.7395
tur1_2025,2025-05-02T10:45:00+00:00,2025-05-02 13:45:00+03:00,TLV,20.7395
tur1_2025,2025-05-02T11:00:00+00:00,2025-05-02 14:00:00+03:00,TLV,20.7542
tur1_2025,2025-05-02T11:15:00+00:00,2025-05-02 14:15:00+03:00,TLV,20.7395
tur1_2025,2025-05-02T11:30:00+00:00,2025-05-02 14:30:00+03:00,TLV,20.7542
tur1_2025,2025-05-02T11:45:00+00:00,2025-05-02 14:45:00+03:00,TLV,20.7248
tur1_2025,2025-05-02T12:00:00+00:00,2025-05-02 15:00:00+03:00,TLV,20.7248
tur1_2025,2025-05-02T12:15:00+00:00,2025-05-02 15:15:00+03:00,TLV,20.7395
tur1_2025,2025-05-02T12:30:00+00:00,2025-05-02 15:30:00+03:00,TLV,20.7101
tur1_2025,2025-05-02T12:45:00+00:00,2025-05-02 15:45:00+03:00,TLV,20.7248
tur1_2025,2025-05-02T13:00:00+00:00,2025-05-02 16:00:00+03:00,TLV,20.7101
tur1_2025,2025-05-02T13:15:00+00:00,2025-05-02 16:15:00+03:00,TLV,20.7101
tur1_2025,2025-05-02T13:30:00+00:00,2025-05-02 16:30:00+03:00,TLV,20.6954
tur1_2025,2025-05-02T13:45:00+00:00,2025-05-02 16:45:00+03:00,TLV,20.7101
tur1_2025,2025-05-02T14:00:00+00:00,2025-05-02 17:00:00+03:00,TLV,20.6954
tur1_2025,2025-05-02T14:15:00+00:00,2025-05-02 17:15:00+03:00,TLV,20.7101
tur1_2025,2025-05-02T14:30:00+00:00,2025-05-02 17:30:00+03:00,TLV,20.6954
tur1_2025,2025-05-02T14:45:00+00:00,2025-05-02 17:45:00+03:00,TLV,20.7248
tur1_2025,2025-05-05T07:00:00+00:00,2025-05-05 10:00:00+03:00,TLV,20.1369
tur1_2025,2025-05-05T07:15:00+00:00,2025-05-05 10:15:00+03:00,TLV,20.2104
tur1_2025,2025-05-05T07:30:00+00:00,2025-05-05 10:30:00+03:00,TLV,20.2986
tur1_2025,2025-05-05T07:45:00+00:00,2025-05-05 10:45:00+03:00,TLV,20.372
tur1_2025,2025-05-05T08:00:00+00:00,2025-05-05 11:00:00+03:00,TLV,20.4014
tur1_2025,2025-05-05T08:15:00+00:00,2025-05-05 11:15:00+03:00,TLV,20.4014
tur1_2025,2025-05-05T08:30:00+00:00,2025-05-05 11:30:00+03:00,TLV,20.3867
tur1_2025,2025-05-05T08:45:00+00:00,2025-05-05 11:45:00+03:00,TLV,20.3867
tur1_2025,2025-05-05T09:00:00+00:00,2025-05-05 12:00:00+03:00,TLV,20.3573
tur1_2025,2025-05-05T09:15:00+00:00,2025-05-05 12:15:00+03:00,TLV,20.372
tur1_2025,2025-05-05T09:30:00+00:00,2025-05-05 12:30:00+03:00,TLV,20.372
tur1_2025,2025-05-05T09:45:00+00:00,2025-05-05 12:45:00+03:00,TLV,20.3867
tur1_2025,2025-05-05T10:00:00+00:00,2025-05-05 13:00:00+03:00,TLV,20.3867
tur1_2025,2025-05-05T10:15:00+00:00,2025-05-05 13:15:00+03:00,TLV,20.372
tur1_2025,2025-05-05T10:30:00+00:00,2025-05-05 13:30:00+03:00,TLV,20.3573
tur1_2025,2025-05-05T10:45:00+00:00,2025-05-05 13:45:00+03:00,TLV,20.3573
tur1_2025,2025-05-05T11:00:00+00:00,2025-05-05 14:00:00+03:00,TLV,20.3573
tur1_2025,2025-05-05T11:15:00+00:00,2025-05-05 14:15:00+03:00,TLV,20.3133
tur1_2025,2025-05-05T11:30:00+00:00,2025-05-05 14:30:00+03:00,TLV,20.2251
tur1_2025,2025-05-05T11:45:00+00:00,2025-05-05 14:45:00+03:00,TLV,20.2104
tur1_2025,2025-05-05T12:00:00+00:00,2025-05-05 15:00:00+03:00,TLV,20.0634
tur1_2025,2025-05-05T12:15:00+00:00,2025-05-05 15:15:00+03:00,TLV,19.9605
tur1_2025,2025-05-05T12:30:00+00:00,2025-05-05 15:30:00+03:00,TLV,19.887
tur1_2025,2025-05-05T12:45:00+00:00,2025-05-05 15:45:00+03:00,TLV,19.9164
tur1_2025,2025-05-05T13:00:00+00:00,2025-05-05 16:00:00+03:00,TLV,19.9164
tur1_2025,2025-05-05T13:15:00+00:00,2025-05-05 16:15:00+03:00,TLV,19.9752
tur1_2025,2025-05-05T13:30:00+00:00,2025-05-05 16:30:00+03:00,TLV,19.9605
tur1_2025,2025-05-05T13:45:00+00:00,2025-05-05 16:45:00+03:00,TLV,19.9752
tur1_2025,2025-05-05T14:00:00+00:00,2025-05-05 17:00:00+03:00,TLV,19.9605
tur1_2025,2025-05-05T14:15:00+00:00,2025-05-05 17:15:00+03:00,TLV,19.9605
tur1_2025,2025-05-05T14:30:00+00:00,2025-05-05 17:30:00+03:00,TLV,19.9164
tur1_2025,2025-05-05T14:45:00+00:00,2025-05-05 17:45:00+03:00,TLV,19.8723
tur1_2025,2025-05-06T07:00:00+00:00,2025-05-06 10:00:00+03:00,TLV,19.5783
tur1_2025,2025-05-06T07:15:00+00:00,2025-05-06 10:15:00+03:00,TLV,19.6224
tur1_2025,2025-05-06T07:30:00+00:00,2025-05-06 10:30:00+03:00,TLV,19.6518
tur1_2025,2025-05-06T07:45:00+00:00,2025-05-06 10:45:00+03:00,TLV,19.6812
tur1_2025,2025-05-06T08:00:00+00:00,2025-05-06 11:00:00+03:00,TLV,19.7694
tur1_2025,2025-05-06T08:15:00+00:00,2025-05-06 11:15:00+03:00,TLV,19.8282
tur1_2025,2025-05-06T08:30:00+00:00,2025-05-06 11:30:00+03:00,TLV,19.7841
tur1_2025,2025-05-06T08:45:00+00:00,2025-05-06 11:45:00+03:00,TLV,19.8282
tur1_2025,2025-05-06T09:00:00+00:00,2025-05-06 12:00:00+03:00,TLV,19.7841
tur1_2025,2025-05-06T09:15:00+00:00,2025-05-06 12:15:00+03:00,TLV,19.7841
tur1_2025,2025-05-06T09:30:00+00:00,2025-05-06 12:30:00+03:00,TLV,19.7841
tur1_2025,2025-05-06T09:45:00+00:00,2025-05-06 12:45:00+03:00,TLV,19.7694
tur1_2025,2025-05-06T10:00:00+00:00,2025-05-06 13:00:00+03:00,TLV,19.7841
tur1_2025,2025-05-06T10:15:00+00:00,2025-05-06 13:15:00+03:00,TLV,19.7841
tur1_2025,2025-05-06T10:30:00+00:00,2025-05-06 13:30:00+03:00,TLV,19.7841
tur1_2025,2025-05-06T10:45:00+00:00,2025-05-06 13:45:00+03:00,TLV,19.7694
tur1_2025,2025-05-06T11:00:00+00:00,2025-05-06 14:00:00+03:00,TLV,19.7841
tur1_2025,2025-05-06T11:15:00+00:00,2025-05-06 14:15:00+03:00,TLV,19.7841
tur1_2025,2025-05-06T11:30:00+00:00,2025-05-06 14:30:00+03:00,TLV,19.7841
tur1_2025,2025-05-06T11:45:00+00:00,2025-05-06 14:45:00+03:00,TLV,19.7841
tur1_2025,2025-05-06T12:00:00+00:00,2025-05-06 15:00:00+03:00,TLV,19.7841
tur1_2025,2025-05-06T12:15:00+00:00,2025-05-06 15:15:00+03:00,TLV,19.7988
tur1_2025,2025-05-06T12:30:00+00:00,2025-05-06 15:30:00+03:00,TLV,19.8135
tur1_2025,2025-05-06T12:45:00+00:00,2025-05-06 15:45:00+03:00,TLV,19.7988
tur1_2025,2025-05-06T13:00:00+00:00,2025-05-06 16:00:00+03:00,TLV,19.8135
tur1_2025,2025-05-06T13:15:00+00:00,2025-05-06 16:15:00+03:00,TLV,19.8429
tur1_2025,2025-05-06T13:30:00+00:00,2025-05-06 16:30:00+03:00,TLV,19.8135
tur1_2025,2025-05-06T13:45:00+00:00,2025-05-06 16:45:00+03:00,TLV,19.8282
tur1_2025,2025-05-06T14:00:00+00:00,2025-05-06 17:00:00+03:00,TLV,19.8429
tur1_2025,2025-05-06T14:15:00+00:00,2025-05-06 17:15:00+03:00,TLV,19.8282
tur1_2025,2025-05-06T14:30:00+00:00,2025-05-06 17:30:00+03:00,TLV,19.7988
tur1_2025,2025-05-06T14:45:00+00:00,2025-05-06 17:45:00+03:00,TLV,19.7988
tur2_2025,2025-05-09T07:00:00+00:00,2025-05-09 10:00:00+03:00,BET,16427.15
tur2_2025,2025-05-09T07:15:00+00:00,2025-05-09 10:15:00+03:00,BET,16393.58
tur2_2025,2025-05-09T07:30:00+00:00,2025-05-09 10:30:00+03:00,BET,16356.65
tur2_2025,2025-05-09T07:45:00+00:00,2025-05-09 10:45:00+03:00,BET,16325.21
tur2_2025,2025-05-09T08:00:00+00:00,2025-05-09 11:00:00+03:00,BET,16321.54
tur2_2025,2025-05-09T08:15:00+00:00,2025-05-09 11:15:00+03:00,BET,16302.22
tur2_2025,2025-05-09T08:30:00+00:00,2025-05-09 11:30:00+03:00,BET,16320.77
tur2_2025,2025-05-09T08:45:00+00:00,2025-05-09 11:45:00+03:00,BET,16309.5
tur2_2025,2025-05-09T09:00:00+00:00,2025-05-09 12:00:00+03:00,BET,16305.03
tur2_2025,2025-05-09T09:15:00+00:00,2025-05-09 12:15:00+03:00,BET,16292.68
tur2_2025,2025-05-09T09:30:00+00:00,2025-05-09 12:30:00+03:00,BET,16293.96
tur2_2025,2025-05-09T09:45:00+00:00,2025-05-09 12:45:00+03:00,BET,16343.87
tur2_2025,2025-05-09T10:00:00+00:00,2025-05-09 13:00:00+03:00,BET,16354.0
tur2_2025,2025-05-09T10:15:00+00:00,2025-05-09 13:15:00+03:00,BET,16355.33
tur2_2025,2025-05-09T10:30:00+00:00,2025-05-09 13:30:00+03:00,BET,16358.18
tur2_2025,2025-05-09T10:45:00+00:00,2025-05-09 13:45:00+03:00,BET,16363.96
tur2_2025,2025-05-09T11:00:00+00:00,2025-05-09 14:00:00+03:00,BET,16359.34
tur2_2025,2025-05-09T11:15:00+00:00,2025-05-09 14:15:00+03:00,BET,16373.78
tur2_2025,2025-05-09T11:30:00+00:00,2025-05-09 14:30:00+03:00,BET,16361.49
tur2_2025,2025-05-09T11:45:00+00:00,2025-05-09 14:45:00+03:00,BET,16369.47
tur2_2025,2025-05-09T12:00:00+00:00,2025-05-09 15:00:00+03:00,BET,16386.35
tur2_2025,2025-05-09T12:15:00+00:00,2025-05-09 15:15:00+03:00,BET,16408.28
tur2_2025,2025-05-09T12:30:00+00:00,2025-05-09 15:30:00+03:00,BET,16426.52
tur2_2025,2025-05-09T12:45:00+00:00,2025-05-09 15:45:00+03:00,BET,16440.41
tur2_2025,2025-05-09T13:00:00+00:00,2025-05-09 16:00:00+03:00,BET,16451.6
tur2_2025,2025-05-09T13:15:00+00:00,2025-05-09 16:15:00+03:00,BET,16463.57
tur2_2025,2025-05-09T13:30:00+00:00,2025-05-09 16:30:00+03:00,BET,16467.39
tur2_2025,2025-05-09T13:45:00+00:00,2025-05-09 16:45:00+03:00,BET,16478.13
tur2_2025,2025-05-09T14:00:00+00:00,2025-05-09 17:00:00+03:00,BET,16486.3
tur2_2025,2025-05-09T14:15:00+00:00,2025-05-09 17:15:00+03:00,BET,16495.74
tur2_2025,2025-05-09T14:30:00+00:00,2025-05-09 17:30:00+03:00,BET,16468.85
tur2_2025,2025-05-09T14:45:00+00:00,2025-05-09 17:45:00+03:00,BET,16483.58
tur2_2025,2025-05-12T07:00:00+00:00,2025-05-12 10:00:00+03:00,BET,16464.72
tur2_2025,2025-05-12T07:15:00+00:00,2025-05-12 10:15:00+03:00,BET,16376.1
tur2_2025,2025-05-12T07:30:00+00:00,2025-05-12 10:30:00+03:00,BET,16451.39
tur2_2025,2025-05-12T07:45:00+00:00,2025-05-12 10:45:00+03:00,BET,16460.08
tur2_2025,2025-05-12T08:00:00+00:00,2025-05-12 11:00:00+03:00,BET,16489.12
tur2_2025,2025-05-12T08:15:00+00:00,2025-05-12 11:15:00+03:00,BET,16506.88
tur2_2025,2025-05-12T08:30:00+00:00,2025-05-12 11:30:00+03:00,BET,16504.98
tur2_2025,2025-05-12T08:45:00+00:00,2025-05-12 11:45:00+03:00,BET,16494.07
tur2_2025,2025-05-12T09:00:00+00:00,2025-05-12 12:00:00+03:00,BET,16491.95
tur2_2025,2025-05-12T09:15:00+00:00,2025-05-12 12:15:00+03:00,BET,16497.08
tur2_2025,2025-05-12T09:30:00+00:00,2025-05-12 12:30:00+03:00,BET,16506.42
tur2_2025,2025-05-12T09:45:00+00:00,2025-05-12 12:45:00+03:00,BET,16509.04
tur2_2025,2025-05-12T10:00:00+00:00,2025-05-12 13:00:00+03:00,BET,16514.47
tur2_2025,2025-05-12T10:15:00+00:00,2025-05-12 13:15:00+03:00,BET,16483.4
tur2_2025,2025-05-12T10:30:00+00:00,2025-05-12 13:30:00+03:00,BET,16470.42
tur2_2025,2025-05-12T10:45:00+00:00,2025-05-12 13:45:00+03:00,BET,16476.73
tur2_2025,2025-05-12T11:00:00+00:00,2025-05-12 14:00:00+03:00,BET,16467.78
tur2_2025,2025-05-12T11:15:00+00:00,2025-05-12 14:15:00+03:00,BET,16461.69
tur2_2025,2025-05-12T11:30:00+00:00,2025-05-12 14:30:00+03:00,BET,16477.33
tur2_2025,2025-05-12T11:45:00+00:00,2025-05-12 14:45:00+03:00,BET,16484.64
tur2_2025,2025-05-12T12:00:00+00:00,2025-05-12 15:00:00+03:00,BET,16491.62
tur2_2025,2025-05-12T12:15:00+00:00,2025-05-12 15:15:00+03:00,BET,16493.76
tur2_2025,2025-05-12T12:30:00+00:00,2025-05-12 15:30:00+03:00,BET,16485.49
tur2_2025,2025-05-12T12:45:00+00:00,2025-05-12 15:45:00+03:00,BET,16483.85
tur2_2025,2025-05-12T13:00:00+00:00,2025-05-12 16:00:00+03:00,BET,16482.44
tur2_2025,2025-05-12T13:15:00+00:00,2025-05-12 16:15:00+03:00,BET,16467.09
tur2_2025,2025-05-12T13:30:00+00:00,2025-05-12 16:30:00+03:00,BET,16473.04
tur2_2025,2025-05-12T13:45:00+00:00,2025-05-12 16:45:00+03:00,BET,16466.64
tur2_2025,2025-05-12T14:00:00+00:00,2025-05-12 17:00:00+03:00,BET,16484.12
tur2_2025,2025-05-12T14:15:00+00:00,2025-05-12 17:15:00+03:00,BET,16482.71
tur2_2025,2025-05-12T14:30:00+00:00,2025-05-12 17:30:00+03:00,BET,16480.2
tur2_2025,2025-05-12T14:45:00+00:00,2025-05-12 17:45:00+03:00,BET,16458.52
tur2_2025,2025-05-13T07:00:00+00:00,2025-05-13 10:00:00+03:00,BET,16616.85
tur2_2025,2025-05-13T07:15:00+00:00,2025-05-13 10:15:00+03:00,BET,16634.54
tur2_2025,2025-05-13T07:30:00+00:00,2025-05-13 10:30:00+03:00,BET,16635.04
tur2_2025,2025-05-13T07:45:00+00:00,2025-05-13 10:45:00+03:00,BET,16621.64
tur2_2025,2025-05-13T08:00:00+00:00,2025-05-13 11:00:00+03:00,BET,16645.26
tur2_2025,2025-05-13T08:15:00+00:00,2025-05-13 11:15:00+03:00,BET,16607.5
tur2_2025,2025-05-13T08:30:00+00:00,2025-05-13 11:30:00+03:00,BET,16580.86
tur2_2025,2025-05-13T08:45:00+00:00,2025-05-13 11:45:00+03:00,BET,16628.4
tur2_2025,2025-05-13T09:00:00+00:00,2025-05-13 12:00:00+03:00,BET,16600.05
tur2_2025,2025-05-13T09:15:00+00:00,2025-05-13 12:15:00+03:00,BET,16594.84
tur2_2025,2025-05-13T09:30:00+00:00,2025-05-13 12:30:00+03:00,BET,16591.76
tur2_2025,2025-05-13T09:45:00+00:00,2025-05-13 12:45:00+03:00,BET,16588.35
tur2_2025,2025-05-13T10:00:00+00:00,2025-05-13 13:00:00+03:00,BET,16615.33
tur2_2025,2025-05-13T10:15:00+00:00,2025-05-13 13:15:00+03:00,BET,16605.74
tur2_2025,2025-05-13T10:30:00+00:00,2025-05-13 13:30:00+03:00,BET,16583.19
tur2_2025,2025-05-13T10:45:00+00:00,2025-05-13 13:45:00+03:00,BET,16613.37
tur2_2025,2025-05-13T11:00:00+00:00,2025-05-13 14:00:00+03:00,BET,16609.27
tur2_2025,2025-05-13T11:15:00+00:00,2025-05-13 14:15:00+03:00,BET,16574.18
tur2_2025,2025-05-13T11:30:00+00:00,2025-05-13 14:30:00+03:00,BET,16592.53
tur2_2025,2025-05-13T11:45:00+00:00,2025-05-13 14:45:00+03:00,BET,16588.43
tur2_2025,2025-05-13T12:00:00+00:00,2025-05-13 15:00:00+03:00,BET,16585.07
tur2_2025,2025-05-13T12:15:00+00:00,2025-05-13 15:15:00+03:00,BET,16583.67
tur2_2025,2025-05-13T12:30:00+00:00,2025-05-13 15:30:00+03:00,BET,16566.32
tur2_2025,2025-05-13T12:45:00+00:00,2025-05-13 15:45:00+03:00,BET,16549.89
tur2_2025,2025-05-13T13:00:00+00:00,2025-05-13 16:00:00+03:00,BET,16560.23
tur2_2025,2025-05-13T13:15:00+00:00,2025-05-13 16:15:00+03:00,BET,16556.05
tur2_2025,2025-05-13T13:30:00+00:00,2025-05-13 16:30:00+03:00,BET,16580.47
tur2_2025,2025-05-13T13:45:00+00:00,2025-05-13 16:45:00+03:00,BET,16563.5
tur2_2025,2025-05-13T14:00:00+00:00,2025-05-13 17:00:00+03:00,BET,16570.41
tur2_2025,2025-05-13T14:15:00+00:00,2025-05-13 17:15:00+03:00,BET,16573.17
tur2_2025,2025-05-13T14:30:00+00:00,2025-05-13 17:30:00+03:00,BET,16588.55
tur2_2025,2025-05-13T14:45:00+00:00,2025-05-13 17:45:00+03:00,BET,16560.23
tur2_2025,2025-05-14T07:00:00+00:00,2025-05-14 10:00:00+03:00,BET,16658.92
tur2_2025,2025-05-14T07:15:00+00:00,2025-05-14 10:15:00+03:00,BET,16620.84
tur2_2025,2025-05-14T07:30:00+00:00,2025-05-14 10:30:00+03:00,BET,16622.7
tur2_2025,2025-05-14T07:45:00+00:00,2025-05-14 10:45:00+03:00,BET,16576.03
tur2_2025,2025-05-14T08:00:00+00:00,2025-05-14 11:00:00+03:00,BET,16581.46
tur2_2025,2025-05-14T08:15:00+00:00,2025-05-14 11:15:00+03:00,BET,16594.46
tur2_2025,2025-05-14T08:30:00+00:00,2025-05-14 11:30:00+03:00,BET,16588.32
tur2_2025,2025-05-14T08:45:00+00:00,2025-05-14 11:45:00+03:00,BET,16581.93
tur2_2025,2025-05-14T09:00:00+00:00,2025-05-14 12:00:00+03:00,BET,16573.4
tur2_2025,2025-05-14T09:15:00+00:00,2025-05-14 12:15:00+03:00,BET,16585.78
tur2_2025,2025-05-14T09:30:00+00:00,2025-05-14 12:30:00+03:00,BET,16572.39
tur2_2025,2025-05-14T09:45:00+00:00,2025-05-14 12:45:00+03:00,BET,16567.52
tur2_2025,2025-05-14T10:00:00+00:00,2025-05-14 13:00:00+03:00,BET,16552.38
tur2_2025,2025-05-14T10:15:00+00:00,2025-05-14 13:15:00+03:00,BET,16546.42
tur2_2025,2025-05-14T10:30:00+00:00,2025-05-14 13:30:00+03:00,BET,16550.41
tur2_2025,2025-05-14T10:45:00+00:00,2025-05-14 13:45:00+03:00,BET,16528.77
tur2_2025,2025-05-14T11:00:00+00:00,2025-05-14 14:00:00+03:00,BET,16515.39
tur2_2025,2025-05-14T11:15:00+00:00,2025-05-14 14:15:00+03:00,BET,16514.43
tur2_2025,2025-05-14T11:30:00+00:00,2025-05-14 14:30:00+03:00,BET,16529.17
tur2_2025,2025-05-14T11:45:00+00:00,2025-05-14 14:45:00+03:00,BET,16524.98
tur2_2025,2025-05-14T12:00:00+00:00,2025-05-14 15:00:00+03:00,BET,16526.71
tur2_2025,2025-05-14T12:15:00+00:00,2025-05-14 15:15:00+03:00,BET,16535.42
tur2_2025,2025-05-14T12:30:00+00:00,2025-05-14 15:30:00+03:00,BET,16528.17
tur2_2025,2025-05-14T12:45:00+00:00,2025-05-14 15:45:00+03:00,BET,16516.07
tur2_2025,2025-05-14T13:00:00+00:00,2025-05-14 16:00:00+03:00,BET,16519.7
tur2_2025,2025-05-14T13:15:00+00:00,2025-05-14 16:15:00+03:00,BET,16527.43
tur2_2025,2025-05-14T13:30:00+00:00,2025-05-14 16:30:00+03:00,BET,16516.48
tur2_2025,2025-05-14T13:45:00+00:00,2025-05-14 16:45:00+03:00,BET,16518.24
tur2_2025,2025-05-14T14:00:00+00:00,2025-05-14 17:00:00+03:00,BET,16513.67
tur2_2025,2025-05-14T14:15:00+00:00,2025-05-14 17:15:00+03:00,BET,16503.91
tur2_2025,2025-05-14T14:30:00+00:00,2025-05-14 17:30:00+03:00,BET,16520.92
tur2_2025,2025-05-14T14:45:00+00:00,2025-05-14 17:45:00+03:00,BET,16506.97
tur2_2025,2025-05-15T07:00:00+00:00,2025-05-15 10:00:00+03:00,BET,16363.52
tur2_2025,2025-05-15T07:15:00+00:00,2025-05-15 10:15:00+03:00,BET,16343.57
tur2_2025,2025-05-15T07:30:00+00:00,2025-05-15 10:30:00+03:00,BET,16325.3
tur2_2025,2025-05-15T07:45:00+00:00,2025-05-15 10:45:00+03:00,BET,16317.27
tur2_2025,2025-05-15T08:00:00+00:00,2025-05-15 11:00:00+03:00,BET,16334.38
tur2_2025,2025-05-15T08:15:00+00:00,2025-05-15 11:15:00+03:00,BET,16326.54
tur2_2025,2025-05-15T08:30:00+00:00,2025-05-15 11:30:00+03:00,BET,16324.62
tur2_2025,2025-05-15T08:45:00+00:00,2025-05-15 11:45:00+03:00,BET,16315.01
tur2_2025,2025-05-15T09:00:00+00:00,2025-05-15 12:00:00+03:00,BET,16308.42
tur2_2025,2025-05-15T09:15:00+00:00,2025-05-15 12:15:00+03:00,BET,16304.0
tur2_2025,2025-05-15T09:30:00+00:00,2025-05-15 12:30:00+03:00,BET,16329.67
tur2_2025,2025-05-15T09:45:00+00:00,2025-05-15 12:45:00+03:00,BET,16332.94
tur2_2025,2025-05-15T10:00:00+00:00,2025-05-15 13:00:00+03:00,BET,16324.0
tur2_2025,2025-05-15T10:15:00+00:00,2025-05-15 13:15:00+03:00,BET,16324.55
tur2_2025,2025-05-15T10:30:00+00:00,2025-05-15 13:30:00+03:00,BET,16337.7
tur2_2025,2025-05-15T10:45:00+00:00,2025-05-15 13:45:00+03:00,BET,16329.99
tur2_2025,2025-05-15T11:00:00+00:00,2025-05-15 14:00:00+03:00,BET,16310.63
tur2_2025,2025-05-15T11:15:00+00:00,2025-05-15 14:15:00+03:00,BET,16286.52
tur2_2025,2025-05-15T11:30:00+00:00,2025-05-15 14:30:00+03:00,BET,16292.23
tur2_2025,2025-05-15T11:45:00+00:00,2025-05-15 14:45:00+03:00,BET,16315.33
tur2_2025,2025-05-15T12:00:00+00:00,2025-05-15 15:00:00+03:00,BET,16295.36
tur2_2025,2025-05-15T12:15:00+00:00,2025-05-15 15:15:00+03:00,BET,16298.53
tur2_2025,2025-05-15T12:30:00+00:00,2025-05-15 15:30:00+03:00,BET,16297.33
tur2_2025,2025-05-15T12:45:00+00:00,2025-05-15 15:45:00+03:00,BET,16289.61
tur2_2025,2025-05-15T13:00:00+00:00,2025-05-15 16:00:00+03:00,BET,16300.27
tur2_2025,2025-05-15T13:15:00+00:00,2025-05-15 16:15:00+03:00,BET,16305.11
tur2_2025,2025-05-15T13:30:00+00:00,2025-05-15 16:30:00+03:00,BET,16292.92
tur2_2025,2025-05-15T13:45:00+00:00,2025-05-15 16:45:00+03:00,BET,16305.28
tur2_2025,2025-05-15T14:00:00+00:00,2025-05-15 17:00:00+03:00,BET,16304.87
tur2_2025,2025-05-15T14:15:00+00:00,2025-05-15 17:15:00+03:00,BET,16293.43
tur2_2025,2025-05-15T14:30:00+00:00,2025-05-15 17:30:00+03:00,BET,16253.73
tur2_2025,2025-05-15T14:45:00+00:00,2025-05-15 17:45:00+03:00,BET,16250.36
tur2_2025,2025-05-16T07:00:00+00:00,2025-05-16 10:00:00+03:00,BET,16402.27
tur2_2025,2025-05-16T07:15:00+00:00,2025-05-16 10:15:00+03:00,BET,16395.02
tur2_2025,2025-05-16T07:30:00+00:00,2025-05-16 10:30:00+03:00,BET,16448.96
tur2_2025,2025-05-16T07:45:00+00:00,2025-05-16 10:45:00+03:00,BET,16532.71
tur2_2025,2025-05-16T08:00:00+00:00,2025-05-16 11:00:00+03:00,BET,16579.18
tur2_2025,2025-05-16T08:15:00+00:00,2025-05-16 11:15:00+03:00,BET,16583.16
tur2_2025,2025-05-16T08:30:00+00:00,2025-05-16 11:30:00+03:00,BET,16600.54
tur2_2025,2025-05-16T08:45:00+00:00,2025-05-16 11:45:00+03:00,BET,16594.71
tur2_2025,2025-05-16T09:00:00+00:00,2025-05-16 12:00:00+03:00,BET,16590.84
tur2_2025,2025-05-16T09:15:00+00:00,2025-05-16 12:15:00+03:00,BET,16612.85
tur2_2025,2025-05-16T09:30:00+00:00,2025-05-16 12:30:00+03:00,BET,16624.32
tur2_2025,2025-05-16T09:45:00+00:00,2025-05-16 12:45:00+03:00,BET,16648.17
tur2_2025,2025-05-16T10:00:00+00:00,2025-05-16 13:00:00+03:00,BET,16646.37
tur2_2025,2025-05-16T10:15:00+00:00,2025-05-16 13:15:00+03:00,BET,16619.38
tur2_2025,2025-05-16T10:30:00+00:00,2025-05-16 13:30:00+03:00,BET,16619.16
tur2_2025,2025-05-16T10:45:00+00:00,2025-05-16 13:45:00+03:00,BET,16651.8
tur2_2025,2025-05-16T11:00:00+00:00,2025-05-16 14:00:00+03:00,BET,16653.39
tur2_2025,2025-05-16T11:15:00+00:00,2025-05-16 14:15:00+03:00,BET,16655.57
tur2_2025,2025-05-16T11:30:00+00:00,2025-05-16 14:30:00+03:00,BET,16660.68
tur2_2025,2025-05-16T11:45:00+00:00,2025-05-16 14:45:00+03:00,BET,16659.71
tur2_2025,2025-05-16T12:00:00+00:00,2025-05-16 15:00:00+03:00,BET,16678.22
tur2_2025,2025-05-16T12:15:00+00:00,2025-05-16 15:15:00+03:00,BET,16704.61
tur2_2025,2025-05-16T12:30:00+00:00,2025-05-16 15:30:00+03:00,BET,16710.41
tur2_2025,2025-05-16T12:45:00+00:00,2025-05-16 15:45:00+03:00,BET,16719.61
tur2_2025,2025-05-16T13:00:00+00:00,2025-05-16 16:00:00+03:00,BET,16730.14
tur2_2025,2025-05-16T13:15:00+00:00,2025-05-16 16:15:00+03:00,BET,16742.81
tur2_2025,2025-05-16T13:30:00+00:00,2025-05-16 16:30:00+03:00,BET,16747.39
tur2_2025,2025-05-16T13:45:00+00:00,2025-05-16 16:45:00+03:00,BET,16739.93
tur2_2025,2025-05-16T14:00:00+00:00,2025-05-16 17:00:00+03:00,BET,16743.16
tur2_2025,2025-05-16T14:15:00+00:00,2025-05-16 17:15:00+03:00,BET,16738.71
tur2_2025,2025-05-16T14:30:00+00:00,2025-05-16 17:30:00+03:00,BET,16732.12
tur2_2025,2025-05-16T14:45:00+00:00,2025-05-16 17:45:00+03:00,BET,16760.73
tur2_2025,2025-05-19T07:00:00+00:00,2025-05-19 10:00:00+03:00,BET,17451.78
tur2_2025,2025-05-19T07:15:00+00:00,2025-05-19 10:15:00+03:00,BET,17415.21
tur2_2025,2025-05-19T07:30:00+00:00,2025-05-19 10:30:00+03:00,BET,17426.73
tur2_2025,2025-05-19T07:45:00+00:00,2025-05-19 10:45:00+03:00,BET,17420.18
tur2_2025,2025-05-19T08:00:00+00:00,2025-05-19 11:00:00+03:00,BET,17377.51
tur2_2025,2025-05-19T08:15:00+00:00,2025-05-19 11:15:00+03:00,BET,17378.66
tur2_2025,2025-05-19T08:30:00+00:00,2025-05-19 11:30:00+03:00,BET,17397.66
tur2_2025,2025-05-19T08:45:00+00:00,2025-05-19 11:45:00+03:00,BET,17389.76
tur2_2025,2025-05-19T09:00:00+00:00,2025-05-19 12:00:00+03:00,BET,17395.48
tur2_2025,2025-05-19T09:15:00+00:00,2025-05-19 12:15:00+03:00,BET,17391.58
tur2_2025,2025-05-19T09:30:00+00:00,2025-05-19 12:30:00+03:00,BET,17367.07
tur2_2025,2025-05-19T09:45:00+00:00,2025-05-19 12:45:00+03:00,BET,17428.55
tur2_2025,2025-05-19T10:00:00+00:00,2025-05-19 13:00:00+03:00,BET,17417.92
tur2_2025,2025-05-19T10:15:00+00:00,2025-05-19 13:15:00+03:00,BET,17425.73
tur2_2025,2025-05-19T10:30:00+00:00,2025-05-19 13:30:00+03:00,BET,17424.75
tur2_2025,2025-05-19T10:45:00+00:00,2025-05-19 13:45:00+03:00,BET,17419.27
tur2_2025,2025-05-19T11:00:00+00:00,2025-05-19 14:00:00+03:00,BET,17430.37
tur2_2025,2025-05-19T11:15:00+00:00,2025-05-19 14:15:00+03:00,BET,17449.87
tur2_2025,2025-05-19T11:30:00+00:00,2025-05-19 14:30:00+03:00,BET,17426.66
tur2_2025,2025-05-19T11:45:00+00:00,2025-05-19 14:45:00+03:00,BET,17412.81
tur2_2025,2025-05-19T12:00:00+00:00,2025-05-19 15:00:00+03:00,BET,17404.07
tur2_2025,2025-05-19T12:15:00+00:00,2025-05-19 15:15:00+03:00,BET,17399.08
tur2_2025,2025-05-19T12:30:00+00:00,2025-05-19 15:30:00+03:00,BET,17389.12
tur2_2025,2025-05-19T12:45:00+00:00,2025-05-19 15:45:00+03:00,BET,17378.53
tur2_2025,2025-05-19T13:00:00+00:00,2025-05-19 16:00:00+03:00,BET,17379.94
tur2_2025,2025-05-19T13:15:00+00:00,2025-05-19 16:15:00+03:00,BET,17376.06
tur2_2025,2025-05-19T13:30:00+00:00,2025-05-19 16:30:00+03:00,BET,17387.09
tur2_2025,2025-05-19T13:45:00+00:00,2025-05-19 16:45:00+03:00,BET,17394.83
tur2_2025,2025-05-19T14:00:00+00:00,2025-05-19 17:00:00+03:00,BET,17407.66
tur2_2025,2025-05-19T14:15:00+00:00,2025-05-19 17:15:00+03:00,BET,17422.84
tur2_2025,2025-05-19T14:30:00+00:00,2025-05-19 17:30:00+03:00,BET,17428.97
tur2_2025,2025-05-19T14:45:00+00:00,2025-05-19 17:45:00+03:00,BET,17445.26
tur2_2025,2025-05-09T07:00:00+00:00,2025-05-09 10:00:00+03:00,TLV,19.1374
tur2_2025,2025-05-09T07:15:00+00:00,2025-05-09 10:15:00+03:00,TLV,19.1521
tur2_2025,2025-05-09T07:30:00+00:00,2025-05-09 10:30:00+03:00,TLV,19.0051
tur2_2025,2025-05-09T07:45:00+00:00,2025-05-09 10:45:00+03:00,TLV,18.8581
tur2_2025,2025-05-09T08:00:00+00:00,2025-05-09 11:00:00+03:00,TLV,18.8434
tur2_2025,2025-05-09T08:15:00+00:00,2025-05-09 11:15:00+03:00,TLV,18.8581
tur2_2025,2025-05-09T08:30:00+00:00,2025-05-09 11:30:00+03:00,TLV,18.8875
tur2_2025,2025-05-09T08:45:00+00:00,2025-05-09 11:45:00+03:00,TLV,18.9169
tur2_2025,2025-05-09T09:00:00+00:00,2025-05-09 12:00:00+03:00,TLV,18.9463
tur2_2025,2025-05-09T09:15:00+00:00,2025-05-09 12:15:00+03:00,TLV,18.9022
tur2_2025,2025-05-09T09:30:00+00:00,2025-05-09 12:30:00+03:00,TLV,18.9316
tur2_2025,2025-05-09T09:45:00+00:00,2025-05-09 12:45:00+03:00,TLV,19.108
tur2_2025,2025-05-09T10:00:00+00:00,2025-05-09 13:00:00+03:00,TLV,19.0786
tur2_2025,2025-05-09T10:15:00+00:00,2025-05-09 13:15:00+03:00,TLV,19.0786
tur2_2025,2025-05-09T10:30:00+00:00,2025-05-09 13:30:00+03:00,TLV,19.108
tur2_2025,2025-05-09T10:45:00+00:00,2025-05-09 13:45:00+03:00,TLV,19.108
tur2_2025,2025-05-09T11:00:00+00:00,2025-05-09 14:00:00+03:00,TLV,19.108
tur2_2025,2025-05-09T11:15:00+00:00,2025-05-09 14:15:00+03:00,TLV,19.108
tur2_2025,2025-05-09T11:30:00+00:00,2025-05-09 14:30:00+03:00,TLV,19.108
tur2_2025,2025-05-09T11:45:00+00:00,2025-05-09 14:45:00+03:00,TLV,19.0933
tur2_2025,2025-05-09T12:00:00+00:00,2025-05-09 15:00:00+03:00,TLV,19.1815
tur2_2025,2025-05-09T12:15:00+00:00,2025-05-09 15:15:00+03:00,TLV,19.2844
tur2_2025,2025-05-09T12:30:00+00:00,2025-05-09 15:30:00+03:00,TLV,19.2991
tur2_2025,2025-05-09T12:45:00+00:00,2025-05-09 15:45:00+03:00,TLV,19.3285
tur2_2025,2025-05-09T13:00:00+00:00,2025-05-09 16:00:00+03:00,TLV,19.3579
tur2_2025,2025-05-09T13:15:00+00:00,2025-05-09 16:15:00+03:00,TLV,19.4166
tur2_2025,2025-05-09T13:30:00+00:00,2025-05-09 16:30:00+03:00,TLV,19.4166
tur2_2025,2025-05-09T13:45:00+00:00,2025-05-09 16:45:00+03:00,TLV,19.4313
tur2_2025,2025-05-09T14:00:00+00:00,2025-05-09 17:00:00+03:00,TLV,19.446
tur2_2025,2025-05-09T14:15:00+00:00,2025-05-09 17:15:00+03:00,TLV,19.4313
tur2_2025,2025-05-09T14:30:00+00:00,2025-05-09 17:30:00+03:00,TLV,19.4166
tur2_2025,2025-05-09T14:45:00+00:00,2025-05-09 17:45:00+03:00,TLV,19.4166
tur2_2025,2025-05-12T07:00:00+00:00,2025-05-12 10:00:00+03:00,TLV,19.8282
tur2_2025,2025-05-12T07:15:00+00:00,2025-05-12 10:15:00+03:00,TLV,19.7694
tur2_2025,2025-05-12T07:30:00+00:00,2025-05-12 10:30:00+03:00,TLV,19.7694
tur2_2025,2025-05-12T07:45:00+00:00,2025-05-12 10:45:00+03:00,TLV,19.7694
tur2_2025,2025-05-12T08:00:00+00:00,2025-05-12 11:00:00+03:00,TLV,19.8135
tur2_2025,2025-05-12T08:15:00+00:00,2025-05-12 11:15:00+03:00,TLV,19.8135
tur2_2025,2025-05-12T08:30:00+00:00,2025-05-12 11:30:00+03:00,TLV,19.7547
tur2_2025,2025-05-12T08:45:00+00:00,2025-05-12 11:45:00+03:00,TLV,19.6959
tur2_2025,2025-05-12T09:00:00+00:00,2025-05-12 12:00:00+03:00,TLV,19.6959
tur2_2025,2025-05-12T09:15:00+00:00,2025-05-12 12:15:00+03:00,TLV,19.6959
tur2_2025,2025-05-12T09:30:00+00:00,2025-05-12 12:30:00+03:00,TLV,19.74
tur2_2025,2025-05-12T09:45:00+00:00,2025-05-12 12:45:00+03:00,TLV,19.6812
tur2_2025,2025-05-12T10:00:00+00:00,2025-05-12 13:00:00+03:00,TLV,19.7106
tur2_2025,2025-05-12T10:15:00+00:00,2025-05-12 13:15:00+03:00,TLV,19.6959
tur2_2025,2025-05-12T10:30:00+00:00,2025-05-12 13:30:00+03:00,TLV,19.7106
tur2_2025,2025-05-12T10:45:00+00:00,2025-05-12 13:45:00+03:00,TLV,19.7106
tur2_2025,2025-05-12T11:00:00+00:00,2025-05-12 14:00:00+03:00,TLV,19.6959
tur2_2025,2025-05-12T11:15:00+00:00,2025-05-12 14:15:00+03:00,TLV,19.7106
tur2_2025,2025-05-12T11:30:00+00:00,2025-05-12 14:30:00+03:00,TLV,19.7106
tur2_2025,2025-05-12T11:45:00+00:00,2025-05-12 14:45:00+03:00,TLV,19.7694
tur2_2025,2025-05-12T12:00:00+00:00,2025-05-12 15:00:00+03:00,TLV,19.7694
tur2_2025,2025-05-12T12:15:00+00:00,2025-05-12 15:15:00+03:00,TLV,19.7694
tur2_2025,2025-05-12T12:30:00+00:00,2025-05-12 15:30:00+03:00,TLV,19.7547
tur2_2025,2025-05-12T12:45:00+00:00,2025-05-12 15:45:00+03:00,TLV,19.7253
tur2_2025,2025-05-12T13:00:00+00:00,2025-05-12 16:00:00+03:00,TLV,19.7547
tur2_2025,2025-05-12T13:15:00+00:00,2025-05-12 16:15:00+03:00,TLV,19.7253
tur2_2025,2025-05-12T13:30:00+00:00,2025-05-12 16:30:00+03:00,TLV,19.7253
tur2_2025,2025-05-12T13:45:00+00:00,2025-05-12 16:45:00+03:00,TLV,19.7253
tur2_2025,2025-05-12T14:00:00+00:00,2025-05-12 17:00:00+03:00,TLV,19.7694
tur2_2025,2025-05-12T14:15:00+00:00,2025-05-12 17:15:00+03:00,TLV,19.7694
tur2_2025,2025-05-12T14:30:00+00:00,2025-05-12 17:30:00+03:00,TLV,19.7694
tur2_2025,2025-05-12T14:45:00+00:00,2025-05-12 17:45:00+03:00,TLV,19.7106
tur2_2025,2025-05-13T07:00:00+00:00,2025-05-13 10:00:00+03:00,TLV,20.0046
tur2_2025,2025-05-13T07:15:00+00:00,2025-05-13 10:15:00+03:00,TLV,20.0046
tur2_2025,2025-05-13T07:30:00+00:00,2025-05-13 10:30:00+03:00,TLV,20.0046
tur2_2025,2025-05-13T07:45:00+00:00,2025-05-13 10:45:00+03:00,TLV,19.9899
tur2_2025,2025-05-13T08:00:00+00:00,2025-05-13 11:00:00+03:00,TLV,19.9458
tur2_2025,2025-05-13T08:15:00+00:00,2025-05-13 11:15:00+03:00,TLV,19.9164
tur2_2025,2025-05-13T08:30:00+00:00,2025-05-13 11:30:00+03:00,TLV,19.8282
tur2_2025,2025-05-13T08:45:00+00:00,2025-05-13 11:45:00+03:00,TLV,19.8576
tur2_2025,2025-05-13T09:00:00+00:00,2025-05-13 12:00:00+03:00,TLV,19.8429
tur2_2025,2025-05-13T09:15:00+00:00,2025-05-13 12:15:00+03:00,TLV,19.8135
tur2_2025,2025-05-13T09:30:00+00:00,2025-05-13 12:30:00+03:00,TLV,19.8429
tur2_2025,2025-05-13T09:45:00+00:00,2025-05-13 12:45:00+03:00,TLV,19.887
tur2_2025,2025-05-13T10:00:00+00:00,2025-05-13 13:00:00+03:00,TLV,19.887
tur2_2025,2025-05-13T10:15:00+00:00,2025-05-13 13:15:00+03:00,TLV,19.8723
tur2_2025,2025-05-13T10:30:00+00:00,2025-05-13 13:30:00+03:00,TLV,19.8429
tur2_2025,2025-05-13T10:45:00+00:00,2025-05-13 13:45:00+03:00,TLV,19.8723
tur2_2025,2025-05-13T11:00:00+00:00,2025-05-13 14:00:00+03:00,TLV,19.8723
tur2_2025,2025-05-13T11:15:00+00:00,2025-05-13 14:15:00+03:00,TLV,19.8429
tur2_2025,2025-05-13T11:30:00+00:00,2025-05-13 14:30:00+03:00,TLV,19.8723
tur2_2025,2025-05-13T11:45:00+00:00,2025-05-13 14:45:00+03:00,TLV,19.8282
tur2_2025,2025-05-13T12:00:00+00:00,2025-05-13 15:00:00+03:00,TLV,19.8282
tur2_2025,2025-05-13T12:15:00+00:00,2025-05-13 15:15:00+03:00,TLV,19.8135
tur2_2025,2025-05-13T12:30:00+00:00,2025-05-13 15:30:00+03:00,TLV,19.8135
tur2_2025,2025-05-13T12:45:00+00:00,2025-05-13 15:45:00+03:00,TLV,19.7841
tur2_2025,2025-05-13T13:00:00+00:00,2025-05-13 16:00:00+03:00,TLV,19.8282
tur2_2025,2025-05-13T13:15:00+00:00,2025-05-13 16:15:00+03:00,TLV,19.8429
tur2_2025,2025-05-13T13:30:00+00:00,2025-05-13 16:30:00+03:00,TLV,19.8429
tur2_2025,2025-05-13T13:45:00+00:00,2025-05-13 16:45:00+03:00,TLV,19.8429
tur2_2025,2025-05-13T14:00:00+00:00,2025-05-13 17:00:00+03:00,TLV,19.8429
tur2_2025,2025-05-13T14:15:00+00:00,2025-05-13 17:15:00+03:00,TLV,19.8429
tur2_2025,2025-05-13T14:30:00+00:00,2025-05-13 17:30:00+03:00,TLV,19.8429
tur2_2025,2025-05-13T14:45:00+00:00,2025-05-13 17:45:00+03:00,TLV,19.6959
tur2_2025,2025-05-14T07:00:00+00:00,2025-05-14 10:00:00+03:00,TLV,19.9164
tur2_2025,2025-05-14T07:15:00+00:00,2025-05-14 10:15:00+03:00,TLV,19.8135
tur2_2025,2025-05-14T07:30:00+00:00,2025-05-14 10:30:00+03:00,TLV,19.8429
tur2_2025,2025-05-14T07:45:00+00:00,2025-05-14 10:45:00+03:00,TLV,19.8282
tur2_2025,2025-05-14T08:00:00+00:00,2025-05-14 11:00:00+03:00,TLV,19.8282
tur2_2025,2025-05-14T08:15:00+00:00,2025-05-14 11:15:00+03:00,TLV,19.8429
tur2_2025,2025-05-14T08:30:00+00:00,2025-05-14 11:30:00+03:00,TLV,19.8429
tur2_2025,2025-05-14T08:45:00+00:00,2025-05-14 11:45:00+03:00,TLV,19.8429
tur2_2025,2025-05-14T09:00:00+00:00,2025-05-14 12:00:00+03:00,TLV,19.8429
tur2_2025,2025-05-14T09:15:00+00:00,2025-05-14 12:15:00+03:00,TLV,19.8429
tur2_2025,2025-05-14T09:30:00+00:00,2025-05-14 12:30:00+03:00,TLV,19.8429
tur2_2025,2025-05-14T09:45:00+00:00,2025-05-14 12:45:00+03:00,TLV,19.8282
tur2_2025,2025-05-14T10:00:00+00:00,2025-05-14 13:00:00+03:00,TLV,19.7988
tur2_2025,2025-05-14T10:15:00+00:00,2025-05-14 13:15:00+03:00,TLV,19.7988
tur2_2025,2025-05-14T10:30:00+00:00,2025-05-14 13:30:00+03:00,TLV,19.8135
tur2_2025,2025-05-14T10:45:00+00:00,2025-05-14 13:45:00+03:00,TLV,19.8135
tur2_2025,2025-05-14T11:00:00+00:00,2025-05-14 14:00:00+03:00,TLV,19.8135
tur2_2025,2025-05-14T11:15:00+00:00,2025-05-14 14:15:00+03:00,TLV,19.7988
tur2_2025,2025-05-14T11:30:00+00:00,2025-05-14 14:30:00+03:00,TLV,19.7988
tur2_2025,2025-05-14T11:45:00+00:00,2025-05-14 14:45:00+03:00,TLV,19.8282
tur2_2025,2025-05-14T12:00:00+00:00,2025-05-14 15:00:00+03:00,TLV,19.8135
tur2_2025,2025-05-14T12:15:00+00:00,2025-05-14 15:15:00+03:00,TLV,19.8135
tur2_2025,2025-05-14T12:30:00+00:00,2025-05-14 15:30:00+03:00,TLV,19.7694
tur2_2025,2025-05-14T12:45:00+00:00,2025-05-14 15:45:00+03:00,TLV,19.7694
tur2_2025,2025-05-14T13:00:00+00:00,2025-05-14 16:00:00+03:00,TLV,19.7694
tur2_2025,2025-05-14T13:15:00+00:00,2025-05-14 16:15:00+03:00,TLV,19.74
tur2_2025,2025-05-14T13:30:00+00:00,2025-05-14 16:30:00+03:00,TLV,19.7694
tur2_2025,2025-05-14T13:45:00+00:00,2025-05-14 16:45:00+03:00,TLV,19.74
tur2_2025,2025-05-14T14:00:00+00:00,2025-05-14 17:00:00+03:00,TLV,19.7547
tur2_2025,2025-05-14T14:15:00+00:00,2025-05-14 17:15:00+03:00,TLV,19.7547
tur2_2025,2025-05-14T14:30:00+00:00,2025-05-14 17:30:00+03:00,TLV,19.7694
tur2_2025,2025-05-14T14:45:00+00:00,2025-05-14 17:45:00+03:00,TLV,19.74
tur2_2025,2025-05-15T07:00:00+00:00,2025-05-15 10:00:00+03:00,TLV,19.5783
tur2_2025,2025-05-15T07:15:00+00:00,2025-05-15 10:15:00+03:00,TLV,19.5636
tur2_2025,2025-05-15T07:30:00+00:00,2025-05-15 10:30:00+03:00,TLV,19.5636
tur2_2025,2025-05-15T07:45:00+00:00,2025-05-15 10:45:00+03:00,TLV,19.5489
tur2_2025,2025-05-15T08:00:00+00:00,2025-05-15 11:00:00+03:00,TLV,19.5489
tur2_2025,2025-05-15T08:15:00+00:00,2025-05-15 11:15:00+03:00,TLV,19.6224
tur2_2025,2025-05-15T08:30:00+00:00,2025-05-15 11:30:00+03:00,TLV,19.6371
tur2_2025,2025-05-15T08:45:00+00:00,2025-05-15 11:45:00+03:00,TLV,19.6224
tur2_2025,2025-05-15T09:00:00+00:00,2025-05-15 12:00:00+03:00,TLV,19.6224
tur2_2025,2025-05-15T09:15:00+00:00,2025-05-15 12:15:00+03:00,TLV,19.6518
tur2_2025,2025-05-15T09:30:00+00:00,2025-05-15 12:30:00+03:00,TLV,19.6371
tur2_2025,2025-05-15T09:45:00+00:00,2025-05-15 12:45:00+03:00,TLV,19.6371
tur2_2025,2025-05-15T10:00:00+00:00,2025-05-15 13:00:00+03:00,TLV,19.6224
tur2_2025,2025-05-15T10:15:00+00:00,2025-05-15 13:15:00+03:00,TLV,19.6224
tur2_2025,2025-05-15T10:30:00+00:00,2025-05-15 13:30:00+03:00,TLV,19.6077
tur2_2025,2025-05-15T10:45:00+00:00,2025-05-15 13:45:00+03:00,TLV,19.593
tur2_2025,2025-05-15T11:00:00+00:00,2025-05-15 14:00:00+03:00,TLV,19.6077
tur2_2025,2025-05-15T11:15:00+00:00,2025-05-15 14:15:00+03:00,TLV,19.6224
tur2_2025,2025-05-15T11:30:00+00:00,2025-05-15 14:30:00+03:00,TLV,19.6224
tur2_2025,2025-05-15T11:45:00+00:00,2025-05-15 14:45:00+03:00,TLV,19.6224
tur2_2025,2025-05-15T12:00:00+00:00,2025-05-15 15:00:00+03:00,TLV,19.6518
tur2_2025,2025-05-15T12:15:00+00:00,2025-05-15 15:15:00+03:00,TLV,19.6371
tur2_2025,2025-05-15T12:30:00+00:00,2025-05-15 15:30:00+03:00,TLV,19.6371
tur2_2025,2025-05-15T12:45:00+00:00,2025-05-15 15:45:00+03:00,TLV,19.6665
tur2_2025,2025-05-15T13:00:00+00:00,2025-05-15 16:00:00+03:00,TLV,19.6812
tur2_2025,2025-05-15T13:15:00+00:00,2025-05-15 16:15:00+03:00,TLV,19.6812
tur2_2025,2025-05-15T13:30:00+00:00,2025-05-15 16:30:00+03:00,TLV,19.6665
tur2_2025,2025-05-15T13:45:00+00:00,2025-05-15 16:45:00+03:00,TLV,19.7106
tur2_2025,2025-05-15T14:00:00+00:00,2025-05-15 17:00:00+03:00,TLV,19.6959
tur2_2025,2025-05-15T14:15:00+00:00,2025-05-15 17:15:00+03:00,TLV,19.6959
tur2_2025,2025-05-15T14:30:00+00:00,2025-05-15 17:30:00+03:00,TLV,19.6518
tur2_2025,2025-05-15T14:45:00+00:00,2025-05-15 17:45:00+03:00,TLV,19.6224
tur2_2025,2025-05-16T07:00:00+00:00,2025-05-16 10:00:00+03:00,TLV,19.8576
tur2_2025,2025-05-16T07:15:00+00:00,2025-05-16 10:15:00+03:00,TLV,19.8429
tur2_2025,2025-05-16T07:30:00+00:00,2025-05-16 10:30:00+03:00,TLV,20.0046
tur2_2025,2025-05-16T07:45:00+00:00,2025-05-16 10:45:00+03:00,TLV,20.2986
tur2_2025,2025-05-16T08:00:00+00:00,2025-05-16 11:00:00+03:00,TLV,20.2398
tur2_2025,2025-05-16T08:15:00+00:00,2025-05-16 11:15:00+03:00,TLV,20.2104
tur2_2025,2025-05-16T08:30:00+00:00,2025-05-16 11:30:00+03:00,TLV,20.2251
tur2_2025,2025-05-16T08:45:00+00:00,2025-05-16 11:45:00+03:00,TLV,20.2398
tur2_2025,2025-05-16T09:00:00+00:00,2025-05-16 12:00:00+03:00,TLV,20.2545
tur2_2025,2025-05-16T09:15:00+00:00,2025-05-16 12:15:00+03:00,TLV,20.2398
tur2_2025,2025-05-16T09:30:00+00:00,2025-05-16 12:30:00+03:00,TLV,20.2398
tur2_2025,2025-05-16T09:45:00+00:00,2025-05-16 12:45:00+03:00,TLV,20.2398
tur2_2025,2025-05-16T10:00:00+00:00,2025-05-16 13:00:00+03:00,TLV,20.2545
tur2_2025,2025-05-16T10:15:00+00:00,2025-05-16 13:15:00+03:00,TLV,20.2545
tur2_2025,2025-05-16T10:30:00+00:00,2025-05-16 13:30:00+03:00,TLV,20.2398
tur2_2025,2025-05-16T10:45:00+00:00,2025-05-16 13:45:00+03:00,TLV,20.2692
tur2_2025,2025-05-16T11:00:00+00:00,2025-05-16 14:00:00+03:00,TLV,20.2692
tur2_2025,2025-05-16T11:15:00+00:00,2025-05-16 14:15:00+03:00,TLV,20.2839
tur2_2025,2025-05-16T11:30:00+00:00,2025-05-16 14:30:00+03:00,TLV,20.2839
tur2_2025,2025-05-16T11:45:00+00:00,2025-05-16 14:45:00+03:00,TLV,20.2986
tur2_2025,2025-05-16T12:00:00+00:00,2025-05-16 15:00:00+03:00,TLV,20.372
tur2_2025,2025-05-16T12:15:00+00:00,2025-05-16 15:15:00+03:00,TLV,20.4308
tur2_2025,2025-05-16T12:30:00+00:00,2025-05-16 15:30:00+03:00,TLV,20.4602
tur2_2025,2025-05-16T12:45:00+00:00,2025-05-16 15:45:00+03:00,TLV,20.4455
tur2_2025,2025-05-16T13:00:00+00:00,2025-05-16 16:00:00+03:00,TLV,20.4014
tur2_2025,2025-05-16T13:15:00+00:00,2025-05-16 16:15:00+03:00,TLV,20.4308
tur2_2025,2025-05-16T13:30:00+00:00,2025-05-16 16:30:00+03:00,TLV,20.4308
tur2_2025,2025-05-16T13:45:00+00:00,2025-05-16 16:45:00+03:00,TLV,20.4308
tur2_2025,2025-05-16T14:00:00+00:00,2025-05-16 17:00:00+03:00,TLV,20.4308
tur2_2025,2025-05-16T14:15:00+00:00,2025-05-16 17:15:00+03:00,TLV,20.4455
tur2_2025,2025-05-16T14:30:00+00:00,2025-05-16 17:30:00+03:00,TLV,20.4455
tur2_2025,2025-05-16T14:45:00+00:00,2025-05-16 17:45:00+03:00,TLV,20.4455
tur2_2025,2025-05-19T07:00:00+00:00,2025-05-19 10:00:00+03:00,TLV,21.445
tur2_2025,2025-05-19T07:15:00+00:00,2025-05-19 10:15:00+03:00,TLV,21.5038
tur2_2025,2025-05-19T07:30:00+00:00,2025-05-19 10:30:00+03:00,TLV,21.5038
tur2_2025,2025-05-19T07:45:00+00:00,2025-05-19 10:45:00+03:00,TLV,21.4744
tur2_2025,2025-05-19T08:00:00+00:00,2025-05-19 11:00:00+03:00,TLV,21.298
tur2_2025,2025-05-19T08:15:00+00:00,2025-05-19 11:15:00+03:00,TLV,21.3862
tur2_2025,2025-05-19T08:30:00+00:00,2025-05-19 11:30:00+03:00,TLV,21.4597
tur2_2025,2025-05-19T08:45:00+00:00,2025-05-19 11:45:00+03:00,TLV,21.4009
tur2_2025,2025-05-19T09:00:00+00:00,2025-05-19 12:00:00+03:00,TLV,21.445
tur2_2025,2025-05-19T09:15:00+00:00,2025-05-19 12:15:00+03:00,TLV,21.445
tur2_2025,2025-05-19T09:30:00+00:00,2025-05-19 12:30:00+03:00,TLV,21.445
tur2_2025,2025-05-19T09:45:00+00:00,2025-05-19 12:45:00+03:00,TLV,21.6802
tur2_2025,2025-05-19T10:00:00+00:00,2025-05-19 13:00:00+03:00,TLV,21.592
tur2_2025,2025-05-19T10:15:00+00:00,2025-05-19 13:15:00+03:00,TLV,21.6802
tur2_2025,2025-05-19T10:30:00+00:00,2025-05-19 13:30:00+03:00,TLV,21.6508
tur2_2025,2025-05-19T10:45:00+00:00,2025-05-19 13:45:00+03:00,TLV,21.6067
tur2_2025,2025-05-19T11:00:00+00:00,2025-05-19 14:00:00+03:00,TLV,21.6508
tur2_2025,2025-05-19T11:15:00+00:00,2025-05-19 14:15:00+03:00,TLV,21.6361
tur2_2025,2025-05-19T11:30:00+00:00,2025-05-19 14:30:00+03:00,TLV,21.5479
tur2_2025,2025-05-19T11:45:00+00:00,2025-05-19 14:45:00+03:00,TLV,21.5332
tur2_2025,2025-05-19T12:00:00+00:00,2025-05-19 15:00:00+03:00,TLV,21.4744
tur2_2025,2025-05-19T12:15:00+00:00,2025-05-19 15:15:00+03:00,TLV,21.4303
tur2_2025,2025-05-19T12:30:00+00:00,2025-05-19 15:30:00+03:00,TLV,21.4303
tur2_2025,2025-05-19T12:45:00+00:00,2025-05-19 15:45:00+03:00,TLV,21.445
tur2_2025,2025-05-19T13:00:00+00:00,2025-05-19 16:00:00+03:00,TLV,21.445
tur2_2025,2025-05-19T13:15:00+00:00,2025-05-19 16:15:00+03:00,TLV,21.445
tur2_2025,2025-05-19T13:30:00+00:00,2025-05-19 16:30:00+03:00,TLV,21.4744
tur2_2025,2025-05-19T13:45:00+00:00,2025-05-19 16:45:00+03:00,TLV,21.5038
tur2_2025,2025-05-19T14:00:00+00:00,2025-05-19 17:00:00+03:00,TLV,21.5332
tur2_2025,2025-05-19T14:15:00+00:00,2025-05-19 17:15:00+03:00,TLV,21.5479
tur2_2025,2025-05-19T14:30:00+00:00,2025-05-19 17:30:00+03:00,TLV,21.5773
tur2_2025,2025-05-19T14:45:00+00:00,2025-05-19 17:45:00+03:00,TLV,21.6655
